id,First_Name,Last_Name,email,gender,Age,Date_SignUp,Date_Cancellation,TrainerYN,Membership_Plan,How_Hear_About
1,Christophe,Fowells,cfowells0@stumbleupon.com,Female,40,1/22/2019,,No,$60 ,Word of mouth
2,Tanny,McCaskill,tmccaskill1@youtube.com,Male,50,9/19/2021,4/4/2023,No,$30 ,Other
3,Nichols,Coatts,ncoatts2@drupal.org,Female,48,11/2/2019,7/2/2020,No,$15 ,Television
4,Corie,Burl,cburl3@netlog.com,Female,47,5/4/2015,5/27/2015,No,$30 ,Radio
5,Alexis,Ridgeway,aridgeway4@engadget.com,Female,65,7/22/2020,4/11/2015,No,$30 ,Advertisement
6,Vivienne,Keepin,vkeepin5@artisteer.com,Female,41,1/31/2021,12/5/2014,No,$30 ,Internet search
7,Nikos,Carrabott,ncarrabott6@ycombinator.com,Male,83,2/7/2019,10/13/2018,No,$15 ,Event
8,Loralyn,Adne,ladne7@ezinearticles.com,Female,86,7/10/2017,12/26/2014,No,$30 ,Radio
9,Florida,Whittuck,fwhittuck8@unicef.org,Female,35,7/19/2020,7/31/2017,No,$60 ,Social media
10,Nike,Cleworth,ncleworth9@examiner.com,Male,43,11/9/2021,7/11/2021,No,$30 ,Print media
11,Gay,Tebbut,gtebbuta@ocn.ne.jp,Other,76,6/30/2020,,Yes,$60 ,Radio
12,Denny,Glencorse,dglencorseb@cnbc.com,Other,28,5/13/2023,2/24/2021,No,$15 ,Other
13,Errick,Shipley,eshipleyc@wordpress.com,Female,26,2/13/2016,7/20/2023,Yes,$30 ,Email newsletter
14,Zsazsa,Minero,zminerod@parallels.com,Female,85,6/30/2014,10/3/2019,No,$60 ,Other
15,Shay,Van der Brug,svanderbruge@amazon.de,Male,50,12/8/2022,,No,$30 ,Television
16,Carma,Hendonson,chendonsonf@go.com,Female,72,12/8/2020,3/19/2023,No,$30 ,Event
17,Vita,Whiteoak,vwhiteoakg@foxnews.com,Female,94,3/15/2022,7/19/2015,No,$15 ,Event
18,Tymothy,Witard,twitardh@sitemeter.com,Female,26,11/20/2019,10/10/2016,No,$15 ,Print media
19,Felicdad,Roches,frochesi@github.io,Male,20,11/9/2016,11/21/2017,No,$60 ,Event
20,Nye,Bariball,nbariballj@amazon.com,Male,92,9/5/2016,,Yes,$15 ,Television
21,Gerrilee,Jagels,gjagelsk@unblog.fr,Female,61,11/13/2018,,No,$30 ,Email newsletter
22,Gale,De Atta,gdeattal@ucsd.edu,Female,92,1/30/2015,2/12/2017,No,$60 ,Event
23,Aguistin,Hazeman,ahazemanm@abc.net.au,Female,22,6/19/2019,8/24/2017,No,$15 ,Radio
24,Tilda,Maier,tmaiern@hugedomains.com,Female,32,3/17/2018,1/2/2022,No,$30 ,Television
25,Demetris,Taleworth,dtalewortho@sfgate.com,Male,27,8/14/2014,,No,$15 ,Social media
26,Cherilynn,Fishbie,cfishbiep@slideshare.net,Female,46,11/18/2021,1/17/2016,No,$15 ,Advertisement
27,Randy,Millan,rmillanq@homestead.com,Male,67,9/18/2018,6/16/2017,No,$30 ,Radio
28,Sheilah,Selbie,sselbier@cisco.com,Female,73,11/27/2021,11/23/2014,No,$15 ,Radio
29,Carr,Kick,ckicks@cafepress.com,Female,50,2/3/2019,11/11/2014,No,$30 ,Print media
30,Amitie,Lowth,alowtht@artisteer.com,Female,20,3/19/2016,12/21/2019,No,$30 ,Internet search
31,Erma,Potell,epotellu@jiathis.com,Male,47,4/17/2021,4/28/2016,No,$15 ,Email newsletter
32,Ignatius,Haggerty,ihaggertyv@cmu.edu,Female,74,8/13/2015,,No,$15 ,Print media
33,Quillan,Diggens,qdiggensw@latimes.com,Female,34,5/6/2022,,Yes,$60 ,Other
34,Maris,Fibben,mfibbenx@uol.com.br,Male,44,1/8/2015,5/27/2014,No,$15 ,Print media
35,Natalie,Grattan,ngrattany@weather.com,Male,68,12/4/2016,5/1/2019,No,$15 ,Print media
36,Delilah,Salvidge,dsalvidgez@tuttocitta.it,Female,31,6/27/2020,1/16/2020,No,$15 ,Other
37,Waldon,Priestman,wpriestman10@wired.com,Male,58,12/6/2015,2/12/2024,Yes,$30 ,Internet search
38,Cristy,Tedder,ctedder11@miitbeian.gov.cn,Female,64,2/9/2017,3/26/2022,Yes,$15 ,Event
39,Royal,Stollery,rstollery12@guardian.co.uk,Male,64,11/14/2017,11/12/2019,No,$60 ,Advertisement
40,Eden,Jephson,ejephson13@prlog.org,Female,73,3/7/2023,3/16/2019,No,$30 ,Advertisement
41,Leonardo,Tredger,ltredger14@wikipedia.org,Male,59,10/24/2016,4/6/2022,Yes,$15 ,Radio
42,Ninetta,Strasse,nstrasse15@psu.edu,Female,38,12/14/2019,12/24/2018,No,$30 ,Print media
43,Ebenezer,Dmytryk,edmytryk16@ca.gov,Male,36,3/14/2014,5/4/2023,No,$30 ,Email newsletter
44,Kathrine,Lansly,klansly17@barnesandnoble.com,Male,96,4/5/2016,12/9/2019,No,$15 ,Social media
45,Rory,Kermannes,rkermannes18@who.int,Male,23,1/3/2021,5/10/2014,No,$30 ,Email newsletter
46,Chrissy,MacKessock,cmackessock19@unesco.org,Male,88,7/16/2022,,No,$15 ,Advertisement
47,Fiann,Maisey,fmaisey1a@chronoengine.com,Female,56,2/27/2022,7/10/2023,No,$60 ,Word of mouth
48,Wilburt,Collecott,wcollecott1b@exblog.jp,Male,49,9/6/2021,,No,$30 ,Internet search
49,Sayers,Dixson,sdixson1c@psu.edu,Female,47,10/30/2016,,Yes,$30 ,Internet search
50,Othelia,Pharrow,opharrow1d@zdnet.com,Male,48,8/30/2021,6/17/2019,No,$30 ,Print media
51,Minette,Malkin,mmalkin1e@thetimes.co.uk,Male,50,9/2/2014,,No,$30 ,Television
52,Cristy,Du Plantier,cduplantier1f@mozilla.org,Female,25,1/12/2014,1/18/2015,No,$30 ,Event
53,Ruggiero,Gudgeon,rgudgeon1g@deliciousdays.com,Female,81,3/23/2015,8/4/2015,Yes,$30 ,Word of mouth
54,Ryun,Medina,rmedina1h@ovh.net,Female,18,12/9/2015,5/26/2018,No,$30 ,Radio
55,Corbin,Hars,chars1i@mysql.com,Male,69,1/1/2024,,No,$30 ,Event
56,Matthus,Winterborne,mwinterborne1j@twitpic.com,Male,88,12/10/2018,3/6/2015,No,$30 ,Email newsletter
57,Lynnett,Mazzia,lmazzia1k@over-blog.com,Male,59,4/1/2015,12/9/2021,No,$60 ,Internet search
58,Haley,Moggle,hmoggle1l@bizjournals.com,Female,63,6/9/2016,,Yes,$30 ,Other
59,Quincey,Gogarty,qgogarty1m@hatena.ne.jp,Female,22,6/15/2021,1/15/2017,No,$15 ,Radio
60,Antin,Cuvley,acuvley1n@mac.com,Male,83,4/21/2016,4/24/2023,Yes,$15 ,Radio
61,Aarika,Colvill,acolvill1o@gravatar.com,Female,43,8/2/2015,,No,$30 ,Advertisement
62,Meg,Paolacci,mpaolacci1p@phpbb.com,Male,92,5/13/2020,10/7/2015,No,$15 ,Event
63,Aleta,Banbrigge,abanbrigge1q@intel.com,Male,70,1/26/2017,8/10/2018,No,$15 ,Advertisement
64,Benjy,Huett,bhuett1r@globo.com,Male,33,8/16/2021,2/27/2020,No,$15 ,Other
65,Augustina,Boundey,aboundey1s@sciencedirect.com,Female,20,3/21/2017,12/17/2018,No,$15 ,Print media
66,Isador,Barthelmes,ibarthelmes1t@dedecms.com,Female,76,2/19/2017,7/27/2014,No,$30 ,Internet search
67,Ari,Huffa,ahuffa1u@sohu.com,Male,55,1/24/2015,,No,$30 ,Internet search
68,Aland,Shippard,ashippard1v@wufoo.com,Male,28,9/13/2023,7/8/2022,No,$30 ,Social media
69,Alard,Nicklen,anicklen1w@w3.org,Male,45,2/3/2017,6/14/2021,No,$15 ,Advertisement
70,Hilton,Oehm,hoehm1x@npr.org,Male,49,2/2/2019,11/30/2022,No,$30 ,Email newsletter
71,Piggy,Oager,poager1y@microsoft.com,Male,31,10/20/2015,1/11/2022,Yes,$30 ,Email newsletter
72,Marquita,Halloway,mhalloway1z@dyndns.org,Male,76,10/14/2015,10/23/2019,Yes,$15 ,Event
73,Austin,Heaviside,aheaviside20@eventbrite.com,Male,30,8/29/2021,,No,$15 ,Television
74,Zacharias,Le Lievre,zlelievre21@1688.com,Female,81,2/25/2020,,Yes,$60 ,Email newsletter
75,Micheline,O'Doghesty,modoghesty22@ebay.com,Male,42,3/22/2016,,No,$30 ,Email newsletter
76,Humfrid,Ince,hince23@cyberchimps.com,Female,65,2/13/2024,1/29/2024,No,$60 ,Other
77,Brose,Wakeham,bwakeham24@parallels.com,Female,48,7/13/2022,7/26/2016,No,$15 ,Television
78,Allin,Yakubovics,ayakubovics25@adobe.com,Male,90,5/4/2016,,No,$30 ,Event
79,Gina,Greenhalf,ggreenhalf26@about.me,Other,77,7/2/2016,,No,$60 ,Social media
80,Hamil,Vigne,hvigne27@dion.ne.jp,Female,34,12/23/2018,,No,$60 ,Print media
81,Tammi,Lacroix,tlacroix28@economist.com,Female,67,9/10/2018,1/22/2014,No,$30 ,Word of mouth
82,Miner,Lovitt,mlovitt29@merriam-webster.com,Female,94,11/10/2017,11/18/2016,Yes,$15 ,Event
83,Jackie,Beeke,jbeeke2a@ifeng.com,Female,30,11/5/2017,11/22/2016,No,$15 ,Other
84,Aldwin,Nelm,anelm2b@yandex.ru,Female,42,6/16/2023,,No,$15 ,Print media
85,Prentiss,Kauscher,pkauscher2c@ted.com,Male,48,1/27/2023,2/14/2023,Yes,$30 ,Event
86,Lanni,Brosh,lbrosh2d@google.co.uk,Male,80,5/16/2019,,No,$15 ,Social media
87,Ernest,Rapinett,erapinett2e@npr.org,Female,53,1/31/2023,,No,$30 ,Radio
88,Traver,Stonier,tstonier2f@wisc.edu,Female,18,11/15/2019,11/14/2019,No,$15 ,Print media
89,Lazaro,Dacres,ldacres2g@wordpress.org,Other,73,5/28/2014,8/15/2015,No,$30 ,Internet search
90,Nomi,Wantling,nwantling2h@webs.com,Male,53,12/2/2020,5/24/2018,Yes,$30 ,Internet search
91,Sissy,Tillman,stillman2i@flickr.com,Female,44,9/14/2019,11/5/2016,No,$30 ,Event
92,Madonna,Woodlands,mwoodlands2j@lulu.com,Male,27,5/27/2015,3/26/2018,No,$30 ,Email newsletter
93,Ches,Curnock,ccurnock2k@angelfire.com,Male,80,12/21/2017,11/14/2020,No,$15 ,Word of mouth
94,Horace,Saines,hsaines2l@gravatar.com,Male,22,2/15/2017,2/4/2020,No,$15 ,Print media
95,Jobi,Binny,jbinny2m@washington.edu,Male,40,3/16/2020,7/27/2018,No,$30 ,Radio
96,Murray,Gomar,mgomar2n@europa.eu,Female,69,9/16/2015,,No,$30 ,Internet search
97,Rutledge,Harmston,rharmston2o@shop-pro.jp,Male,43,7/27/2016,8/9/2015,Yes,$60 ,Social media
98,Travers,Brownjohn,tbrownjohn2p@cdbaby.com,Female,22,3/20/2018,9/26/2019,No,$60 ,Radio
99,Daffi,O'Lenane,dolenane2q@cornell.edu,Female,93,4/18/2014,8/6/2018,No,$15 ,Event
100,Simone,Kelloway,skelloway2r@microsoft.com,Female,46,4/8/2022,,No,$15 ,Print media
101,Feliza,Mabbutt,fmabbutt2s@smh.com.au,Female,56,7/6/2022,6/3/2022,No,$60 ,Advertisement
102,Mehetabel,Soper,msoper2t@blog.com,Male,86,6/29/2022,8/20/2015,No,$30 ,Other
103,Way,Mirralls,wmirralls2u@eventbrite.com,Male,42,9/21/2018,1/18/2019,No,$15 ,Social media
104,Barty,Hayzer,bhayzer2v@illinois.edu,Female,67,6/9/2015,12/14/2014,No,$30 ,Radio
105,Sacha,Kiossel,skiossel2w@mac.com,Male,77,4/24/2022,11/17/2022,No,$60 ,Radio
106,Kalindi,Walklett,kwalklett2x@imageshack.us,Male,62,3/16/2020,9/22/2017,Yes,$30 ,Radio
107,Deborah,Mansbridge,dmansbridge2y@photobucket.com,Male,52,10/14/2017,1/29/2021,No,$30 ,Internet search
108,Bernita,Rouff,brouff2z@marketwatch.com,Male,95,1/5/2017,2/26/2021,Yes,$30 ,Other
109,Clea,Rylett,crylett30@bandcamp.com,Male,35,3/30/2019,1/22/2017,No,$15 ,Other
110,Glyn,Overy,govery31@booking.com,Female,82,1/30/2018,,No,$15 ,Word of mouth
111,Dot,Abbet,dabbet32@google.ru,Male,65,9/24/2020,8/15/2016,No,$60 ,Print media
112,Shadow,Delnevo,sdelnevo33@shareasale.com,Female,48,7/8/2017,8/14/2022,Yes,$30 ,Event
113,Franciskus,Devennie,fdevennie34@wix.com,Male,87,6/1/2017,10/10/2018,No,$30 ,Social media
114,Mozelle,Kliemchen,mkliemchen35@instagram.com,Male,22,2/17/2016,6/10/2017,No,$15 ,Event
115,Fowler,Dochon,fdochon36@hugedomains.com,Male,24,3/4/2021,8/8/2018,No,$15 ,Radio
116,Marius,Alvarado,malvarado37@newsvine.com,Male,47,5/28/2015,8/9/2015,No,$30 ,Radio
117,Paolina,Szymanowicz,pszymanowicz38@marketwatch.com,Female,88,1/3/2016,,No,$15 ,Other
118,Josy,Mateo,jmateo39@microsoft.com,Female,29,1/2/2019,7/9/2017,No,$30 ,Advertisement
119,Tonye,Eldred,teldred3a@ifeng.com,Female,66,5/14/2021,,No,$60 ,Word of mouth
120,Nissy,Arrowsmith,narrowsmith3b@cnet.com,Male,31,11/14/2016,7/3/2021,No,$15 ,Other
121,Miner,Upson,mupson3c@miibeian.gov.cn,Male,51,11/25/2015,2/10/2018,No,$15 ,Internet search
122,Ddene,Popelay,dpopelay3d@baidu.com,Male,86,9/22/2022,8/13/2016,No,$15 ,Event
123,Deb,Fuentez,dfuentez3e@nature.com,Male,22,3/30/2020,12/15/2020,No,$15 ,Event
124,Seamus,Gregoletti,sgregoletti3f@sogou.com,Female,82,7/3/2021,7/16/2018,No,$60 ,Word of mouth
125,Clemmy,Dawton,cdawton3g@xinhuanet.com,Male,84,2/20/2023,1/16/2016,No,$15 ,Radio
126,Lew,Brothers,lbrothers3h@washington.edu,Female,47,10/7/2016,6/6/2018,No,$15 ,Word of mouth
127,Bess,Durn,bdurn3i@yolasite.com,Male,64,11/13/2020,10/19/2020,Yes,$30 ,Print media
128,Brooks,Zanazzi,bzanazzi3j@xing.com,Male,67,2/28/2021,4/10/2017,Yes,$30 ,Event
129,Catharine,Ledwitch,cledwitch3k@webnode.com,Male,69,5/28/2018,10/28/2020,No,$15 ,Email newsletter
130,Johnathon,Furbank,jfurbank3l@salon.com,Male,90,1/9/2020,8/5/2022,No,$15 ,Other
131,Saba,Wanderschek,swanderschek3m@blinklist.com,Female,93,10/17/2017,2/20/2017,No,$15 ,Word of mouth
132,Druci,Eakins,deakins3n@zimbio.com,Male,37,1/7/2019,1/24/2016,No,$15 ,Event
133,Alyosha,Portriss,aportriss3o@mapy.cz,Female,32,3/23/2015,,No,$30 ,Internet search
134,Shaun,Dytham,sdytham3p@nydailynews.com,Male,95,11/9/2021,10/27/2021,No,$30 ,Social media
135,Corny,Dyson,cdyson3q@ft.com,Female,72,2/4/2016,,No,$60 ,Advertisement
136,Cirstoforo,Rosell,crosell3r@bizjournals.com,Female,25,8/28/2015,8/27/2017,No,$30 ,Radio
137,Abbe,Dreger,adreger3s@typepad.com,Female,95,4/24/2019,4/26/2023,Yes,$30 ,Word of mouth
138,Duncan,Rounsivall,drounsivall3t@ed.gov,Female,68,10/2/2022,4/18/2015,No,$30 ,Television
139,Mellie,Matyushkin,mmatyushkin3u@tripadvisor.com,Female,18,1/15/2018,1/24/2022,No,$15 ,Radio
140,Spike,Burdett,sburdett3v@state.gov,Male,19,6/1/2018,,No,$15 ,Print media
141,Bard,Brickwood,bbrickwood3w@skype.com,Female,25,7/13/2021,4/21/2014,No,$15 ,Other
142,Smith,Lunck,slunck3x@mediafire.com,Male,77,11/5/2015,8/26/2015,No,$15 ,Radio
143,Allan,Pluthero,apluthero3y@lulu.com,Female,58,9/4/2015,,No,$15 ,Word of mouth
144,Clive,Ansett,cansett3z@newyorker.com,Male,72,1/1/2020,12/30/2019,No,$60 ,Other
145,Ivan,Loxdale,iloxdale40@multiply.com,Male,29,6/21/2020,1/23/2024,No,$30 ,Event
146,Ginnie,Joly,gjoly41@plala.or.jp,Female,50,1/23/2022,6/10/2018,Yes,$15 ,Advertisement
147,Hall,Baccus,hbaccus42@amazon.com,Male,81,11/6/2017,8/1/2015,No,$15 ,Email newsletter
148,Lindsay,Braghini,lbraghini43@uiuc.edu,Female,71,11/1/2023,12/13/2017,No,$15 ,Advertisement
149,Moyra,Drew-Clifton,mdrewclifton44@blogs.com,Male,71,2/16/2020,4/16/2016,No,$15 ,Other
150,Araldo,Luesley,aluesley45@va.gov,Male,51,6/30/2019,,Yes,$15 ,Email newsletter
151,Lesly,Searby,lsearby46@twitter.com,Female,36,6/16/2020,7/15/2014,Yes,$60 ,Radio
152,Craggie,Durran,cdurran47@dailymotion.com,Male,48,1/14/2015,,No,$30 ,Television
153,Nicky,Weller,nweller48@domainmarket.com,Female,77,9/8/2014,,No,$15 ,Radio
154,Thebault,Jantet,tjantet49@ehow.com,Female,64,1/11/2019,8/28/2017,Yes,$15 ,Event
155,Ellsworth,Jarman,ejarman4a@wired.com,Other,24,11/19/2023,4/21/2015,Yes,$15 ,Television
156,Evan,Baxter,ebaxter4b@omniture.com,Female,38,7/27/2019,,No,$60 ,Word of mouth
157,Vail,Hambleton,vhambleton4c@unicef.org,Female,68,10/17/2018,1/27/2018,No,$30 ,Social media
158,Evangelina,Kitteridge,ekitteridge4d@fc2.com,Male,78,11/28/2021,7/12/2016,No,$15 ,Print media
159,Karry,Athey,kathey4e@umn.edu,Male,98,4/10/2021,1/7/2022,No,$60 ,Print media
160,Ferdinand,Henniger,fhenniger4f@sourceforge.net,Male,96,9/10/2021,12/16/2014,No,$15 ,Event
161,Saunders,Tivers,stivers4g@nature.com,Male,57,9/16/2014,2/17/2021,No,$30 ,Email newsletter
162,Joela,Farley,jfarley4h@nymag.com,Female,98,7/11/2020,11/4/2023,No,$15 ,Print media
163,Vite,Ironmonger,vironmonger4i@xing.com,Male,72,3/11/2016,8/20/2023,No,$15 ,Event
164,Alice,Prynne,aprynne4j@hostgator.com,Female,87,9/18/2015,12/30/2017,No,$15 ,Other
165,Ysabel,Snasel,ysnasel4k@walmart.com,Male,22,4/13/2014,2/2/2017,No,$60 ,Television
166,Ray,Hoggetts,rhoggetts4l@macromedia.com,Female,87,3/10/2018,3/15/2014,No,$15 ,Word of mouth
167,Gordon,Barling,gbarling4m@stanford.edu,Male,37,1/31/2023,,No,$30 ,Word of mouth
168,Noby,Woollhead,nwoollhead4n@naver.com,Male,92,10/9/2022,10/9/2018,No,$60 ,Advertisement
169,Janaya,Lismer,jlismer4o@time.com,Male,67,2/23/2022,,No,$15 ,Event
170,Demott,Seven,dseven4p@bravesites.com,Male,69,12/31/2015,11/28/2019,No,$30 ,Event
171,Lance,Fache,lfache4q@wsj.com,Male,43,11/22/2021,,No,$15 ,Advertisement
172,Gino,Littrick,glittrick4r@aboutads.info,Male,41,8/1/2015,9/29/2014,Yes,$15 ,Other
173,Ammamaria,Howey,ahowey4s@delicious.com,Female,63,3/8/2020,10/3/2015,No,$30 ,Word of mouth
174,Zara,Clemenson,zclemenson4t@oracle.com,Female,95,7/20/2015,3/6/2019,No,$30 ,Other
175,Moises,Bottjer,mbottjer4u@barnesandnoble.com,Female,67,11/13/2017,8/18/2019,No,$60 ,Social media
176,Ebeneser,Nisco,enisco4v@yahoo.co.jp,Male,50,11/9/2018,12/8/2020,No,$60 ,Advertisement
177,Helaina,Snoden,hsnoden4w@amazon.de,Female,22,4/18/2021,2/22/2014,No,$15 ,Word of mouth
178,Baily,Skull,bskull4x@pinterest.com,Female,22,10/21/2021,2/17/2022,No,$60 ,Social media
179,Durant,Nutbean,dnutbean4y@smh.com.au,Male,23,4/7/2017,9/12/2023,No,$15 ,Internet search
180,Chickie,Sheldrick,csheldrick4z@creativecommons.org,Other,78,7/14/2022,9/15/2022,No,$15 ,Radio
181,Flin,Noriega,fnoriega50@theglobeandmail.com,Male,80,7/8/2017,,Yes,$60 ,Internet search
182,Ola,Norcott,onorcott51@statcounter.com,Male,66,3/14/2017,4/13/2022,No,$30 ,Email newsletter
183,Lemar,Royson,lroyson52@engadget.com,Female,70,1/20/2019,12/24/2014,No,$30 ,Television
184,Elmer,Antonucci,eantonucci53@parallels.com,Female,56,5/5/2014,1/19/2022,No,$60 ,Advertisement
185,Sutton,Merryman,smerryman54@spotify.com,Female,56,10/4/2019,,No,$30 ,Internet search
186,Danila,Walles,dwalles55@w3.org,Male,60,11/16/2014,,Yes,$30 ,Email newsletter
187,Elane,Djurisic,edjurisic56@mapy.cz,Male,77,2/28/2020,7/7/2020,Yes,$15 ,Print media
188,Marlee,Coull,mcoull57@1und1.de,Male,67,2/11/2015,,Yes,$15 ,Internet search
189,Leanna,Conn,lconn58@spotify.com,Male,72,12/17/2018,3/2/2018,Yes,$15 ,Print media
190,Lucho,Manclark,lmanclark59@cnet.com,Female,23,2/17/2021,,No,$15 ,Social media
191,Nathan,Condict,ncondict5a@sitemeter.com,Male,65,3/2/2017,,No,$15 ,Other
192,Amabelle,MacGillivray,amacgillivray5b@cyberchimps.com,Female,75,2/26/2015,,Yes,$15 ,Print media
193,Alisha,Heinzel,aheinzel5c@ed.gov,Male,61,3/10/2019,,No,$15 ,Radio
194,Ruggiero,Tarpey,rtarpey5d@slashdot.org,Male,77,12/3/2014,11/14/2018,No,$15 ,Radio
195,Kele,Dooley,kdooley5e@hugedomains.com,Male,34,11/30/2023,10/30/2021,No,$30 ,Event
196,Chico,Whiteman,cwhiteman5f@gmpg.org,Male,77,8/17/2021,8/15/2022,No,$60 ,Event
197,Sonja,Fitchen,sfitchen5g@rediff.com,Male,33,7/14/2021,,No,$15 ,Internet search
198,Florry,Berrey,fberrey5h@earthlink.net,Female,52,9/23/2021,9/10/2017,Yes,$15 ,Other
199,Jeth,Demke,jdemke5i@stanford.edu,Female,29,10/30/2016,2/13/2016,No,$30 ,Print media
200,Matilde,Ronnay,mronnay5j@businessweek.com,Male,25,6/27/2021,4/21/2022,No,$30 ,Social media
201,Josepha,McArtan,jmcartan5k@myspace.com,Female,98,6/16/2019,3/14/2017,Yes,$30 ,Other
202,Shanda,Brotherheed,sbrotherheed5l@mapquest.com,Male,90,1/12/2018,4/1/2016,No,$60 ,Television
203,Ronny,Hessle,rhessle5m@example.com,Female,88,3/25/2022,,Yes,$60 ,Print media
204,Arther,Penhearow,apenhearow5n@apple.com,Male,71,3/25/2020,12/28/2022,No,$30 ,Email newsletter
205,Earle,Warry,ewarry5o@telegraph.co.uk,Male,59,1/17/2020,6/28/2015,No,$15 ,Print media
206,Jessey,Upstone,jupstone5p@miitbeian.gov.cn,Male,25,11/23/2016,10/25/2022,No,$30 ,Television
207,Bryna,Mayow,bmayow5q@ibm.com,Male,21,5/20/2022,,No,$15 ,Television
208,Thadeus,Vigne,tvigne5r@bigcartel.com,Female,62,10/21/2017,1/11/2019,No,$15 ,Advertisement
209,Eddi,Da Costa,edacosta5s@tumblr.com,Female,87,1/4/2017,,No,$30 ,Radio
210,Alicia,Tuttle,atuttle5t@springer.com,Male,60,8/12/2023,4/6/2022,No,$60 ,Social media
211,Marlowe,Skein,mskein5u@amazonaws.com,Female,59,1/26/2018,,No,$30 ,Advertisement
212,Emery,Fewell,efewell5v@wufoo.com,Female,58,11/9/2016,12/27/2021,No,$30 ,Radio
213,Ari,Rushe,arushe5w@earthlink.net,Male,48,7/4/2021,4/23/2021,No,$60 ,Social media
214,Vasili,Chace,vchace5x@squarespace.com,Male,71,12/7/2016,10/3/2018,No,$30 ,Advertisement
215,Bernard,Waterdrinker,bwaterdrinker5y@reverbnation.com,Female,75,1/16/2021,9/1/2023,No,$60 ,Email newsletter
216,Candace,Hestrop,chestrop5z@fc2.com,Female,81,7/14/2019,11/27/2015,No,$60 ,Advertisement
217,Terry,Reynoldson,treynoldson60@sun.com,Male,98,3/6/2014,7/30/2016,No,$30 ,Radio
218,Myrah,Forth,mforth61@wsj.com,Male,22,12/21/2016,2/7/2015,Yes,$15 ,Internet search
219,Putnem,Sloan,psloan62@fc2.com,Female,70,9/28/2022,3/10/2018,No,$60 ,Social media
220,Thain,Huckstepp,thuckstepp63@auda.org.au,Male,78,1/22/2019,3/11/2017,No,$60 ,Social media
221,Putnem,Beeswing,pbeeswing64@free.fr,Male,40,8/11/2016,,No,$30 ,Television
222,Cookie,Lowndsborough,clowndsborough65@cornell.edu,Female,31,12/13/2020,4/3/2016,Yes,$30 ,Television
223,Agnese,Wallwork,awallwork66@github.com,Male,50,12/4/2014,2/21/2021,No,$60 ,Event
224,Moses,Clymo,mclymo67@youku.com,Male,66,3/14/2020,11/11/2019,Yes,$15 ,Event
225,Sidoney,Knok,sknok68@freewebs.com,Male,92,2/8/2018,,No,$30 ,Television
226,Ula,Callard,ucallard69@wsj.com,Female,24,7/3/2022,,No,$30 ,Email newsletter
227,Alena,Kleinstein,akleinstein6a@wufoo.com,Male,90,9/24/2018,12/1/2018,No,$30 ,Email newsletter
228,Evan,Baynom,ebaynom6b@cnet.com,Female,41,7/25/2014,10/18/2016,No,$15 ,Social media
229,Nevil,Girhard,ngirhard6c@statcounter.com,Male,97,9/21/2015,,No,$60 ,Print media
230,Buck,Roome,broome6d@drupal.org,Female,89,6/26/2018,,No,$30 ,Radio
231,Paula,Shinton,pshinton6e@photobucket.com,Female,74,7/24/2023,12/30/2020,No,$30 ,Email newsletter
232,Rice,Crighten,rcrighten6f@reverbnation.com,Male,67,5/14/2019,10/13/2023,No,$15 ,Other
233,Ashbey,Copeman,acopeman6g@arizona.edu,Female,49,3/16/2020,8/23/2020,Yes,$15 ,Print media
234,Kyrstin,Barlthrop,kbarlthrop6h@dailymail.co.uk,Female,47,4/27/2021,11/14/2021,Yes,$60 ,Internet search
235,Nick,Hovy,nhovy6i@google.com,Male,19,7/8/2021,,No,$30 ,Event
236,Caesar,Kingston,ckingston6j@archive.org,Male,74,9/12/2019,8/21/2020,No,$30 ,Event
237,Wilden,Bau,wbau6k@bing.com,Male,47,11/20/2022,5/5/2014,No,$60 ,Advertisement
238,Jada,Gronw,jgronw6l@google.it,Male,22,10/4/2016,8/18/2020,No,$30 ,Event
239,Lila,McCreagh,lmccreagh6m@jugem.jp,Female,90,5/4/2014,2/13/2019,No,$15 ,Social media
240,Rennie,Christal,rchristal6n@spotify.com,Male,50,3/17/2015,4/11/2016,No,$15 ,Social media
241,Corny,McCall,cmccall6o@jugem.jp,Male,55,6/6/2014,,Yes,$60 ,Advertisement
242,Aurthur,Kinzel,akinzel6p@tinypic.com,Female,67,10/28/2016,4/23/2023,No,$15 ,Other
243,Barny,Penswick,bpenswick6q@reuters.com,Male,62,11/23/2023,11/6/2014,Yes,$15 ,Print media
244,Herschel,Keddie,hkeddie6r@independent.co.uk,Female,89,4/27/2014,,No,$15 ,Event
245,Dinah,Berisford,dberisford6s@bloglines.com,Female,44,11/10/2019,8/2/2016,No,$15 ,Internet search
246,Danyette,Weller,dweller6t@free.fr,Female,82,8/14/2019,4/4/2017,No,$30 ,Advertisement
247,Torrance,Kimble,tkimble6u@seesaa.net,Male,76,6/11/2016,1/5/2015,No,$60 ,Advertisement
248,Jaine,Slopier,jslopier6v@icio.us,Female,93,4/18/2020,9/22/2019,No,$30 ,Print media
249,Rickie,Casero,rcasero6w@amazon.de,Female,36,7/11/2015,12/29/2018,Yes,$15 ,Television
250,Gwenni,Gillings,ggillings6x@ftc.gov,Male,98,3/19/2016,2/7/2017,No,$30 ,Event
251,Mikel,Barribal,mbarribal6y@biglobe.ne.jp,Male,64,3/2/2023,3/17/2017,No,$15 ,Print media
252,Alair,Horry,ahorry6z@1688.com,Female,64,8/12/2019,6/7/2023,No,$15 ,Advertisement
253,Rikki,Cornewell,rcornewell70@xing.com,Female,36,2/7/2019,1/21/2017,Yes,$15 ,Radio
254,Darlene,Paydon,dpaydon71@instagram.com,Female,89,7/13/2015,6/17/2021,Yes,$30 ,Advertisement
255,Ikey,Agiolfinger,iagiolfinger72@berkeley.edu,Female,32,12/29/2020,11/28/2015,No,$15 ,Radio
256,Hirsch,Kittredge,hkittredge73@umn.edu,Male,33,6/1/2014,1/31/2020,No,$15 ,Social media
257,Rae,Crosland,rcrosland74@homestead.com,Male,36,3/15/2023,5/12/2018,No,$15 ,Advertisement
258,Doralia,Sapseed,dsapseed75@jugem.jp,Female,88,5/25/2023,6/1/2018,Yes,$30 ,Radio
259,Ag,Lugden,alugden76@printfriendly.com,Female,71,10/15/2018,,No,$30 ,Word of mouth
260,Bat,Bonevant,bbonevant77@mysql.com,Female,97,6/24/2017,,No,$60 ,Word of mouth
261,Lorant,Kumar,lkumar78@dmoz.org,Female,47,9/6/2015,,No,$30 ,Radio
262,Jeannette,Shimuk,jshimuk79@ycombinator.com,Female,93,11/16/2014,2/4/2020,No,$15 ,Other
263,Fidelity,Meriton,fmeriton7a@ted.com,Male,70,12/26/2023,10/12/2018,No,$30 ,Event
264,Anabel,McCart,amccart7b@google.pl,Female,30,2/29/2020,5/25/2014,No,$15 ,Print media
265,Armando,Williscroft,awilliscroft7c@spiegel.de,Male,32,1/26/2018,,Yes,$30 ,Other
266,Bidget,Maudlin,bmaudlin7d@geocities.com,Male,79,9/20/2017,4/1/2019,No,$60 ,Internet search
267,Nelia,Esplin,nesplin7e@alexa.com,Male,85,10/20/2022,9/16/2015,No,$30 ,Word of mouth
268,Wilhelmina,Sansam,wsansam7f@mapquest.com,Male,40,7/10/2016,,No,$30 ,Email newsletter
269,Sarah,Mulvin,smulvin7g@yellowbook.com,Male,19,10/14/2016,5/10/2023,No,$15 ,Print media
270,Marthena,Calver,mcalver7h@smugmug.com,Male,67,6/19/2021,6/21/2021,No,$15 ,Event
271,Duke,Kluger,dkluger7i@disqus.com,Male,67,9/22/2016,12/25/2021,No,$60 ,Event
272,Rodrick,Rhymer,rrhymer7j@spiegel.de,Female,48,7/8/2017,,No,$15 ,Internet search
273,Poppy,Pervew,ppervew7k@hatena.ne.jp,Female,92,6/4/2019,10/8/2020,No,$15 ,Print media
274,Frank,Esmond,fesmond7l@miibeian.gov.cn,Female,36,12/28/2014,3/26/2021,No,$30 ,Event
275,Danny,Whitcombe,dwhitcombe7m@state.gov,Male,29,4/6/2021,10/27/2017,No,$15 ,Email newsletter
276,Cordie,Kydde,ckydde7n@salon.com,Male,86,3/25/2022,8/22/2022,Yes,$15 ,Email newsletter
277,Cecilio,Chalcot,cchalcot7o@gnu.org,Male,41,5/9/2017,9/4/2019,No,$60 ,Print media
278,Casi,Morden,cmorden7p@nyu.edu,Female,61,8/8/2022,1/5/2014,No,$15 ,Email newsletter
279,Yard,Newnham,ynewnham7q@ihg.com,Female,18,7/26/2014,6/4/2014,No,$15 ,Word of mouth
280,Adolphe,Gehrels,agehrels7r@fastcompany.com,Male,81,4/6/2022,11/21/2022,No,$60 ,Internet search
281,Kori,Ramme,kramme7s@ow.ly,Male,93,4/26/2014,4/1/2022,Yes,$15 ,Email newsletter
282,Laurice,Todeo,ltodeo7t@salon.com,Female,41,11/8/2021,10/2/2023,No,$15 ,Email newsletter
283,Hettie,Salla,hsalla7u@dagondesign.com,Female,97,2/13/2021,,No,$60 ,Radio
284,Mathilda,Madle,mmadle7v@census.gov,Male,85,3/25/2014,,Yes,$30 ,Radio
285,Pollyanna,Ebdin,pebdin7w@posterous.com,Male,80,9/9/2017,10/9/2021,No,$30 ,Word of mouth
286,Vincenty,Armiger,varmiger7x@loc.gov,Female,78,2/27/2018,2/10/2020,No,$30 ,Radio
287,Gamaliel,Newlands,gnewlands7y@army.mil,Male,91,9/20/2021,7/3/2015,No,$15 ,Event
288,Wendeline,Laux,wlaux7z@cloudflare.com,Male,26,11/1/2023,7/4/2020,No,$30 ,Social media
289,Michele,Winskill,mwinskill80@marketwatch.com,Male,77,10/12/2021,7/24/2017,No,$15 ,Advertisement
290,Tabatha,Tebbutt,ttebbutt81@livejournal.com,Female,40,1/8/2014,,Yes,$15 ,Internet search
291,Bradford,Shearstone,bshearstone82@smh.com.au,Male,75,3/27/2022,6/27/2014,No,$15 ,Print media
292,Philippine,Longbottom,plongbottom83@wikipedia.org,Male,91,10/9/2019,12/20/2021,Yes,$60 ,Print media
293,Ilyssa,Dodsley,idodsley84@dropbox.com,Male,93,2/21/2016,1/27/2014,Yes,$60 ,Event
294,Pooh,Leibold,pleibold85@independent.co.uk,Female,24,6/8/2018,6/22/2022,No,$30 ,Radio
295,Jasen,Hammer,jhammer86@cdbaby.com,Male,89,7/17/2022,,No,$15 ,Social media
296,Tally,Pietzker,tpietzker87@friendfeed.com,Female,72,2/9/2020,,Yes,$15 ,Email newsletter
297,Tally,Doxey,tdoxey88@cpanel.net,Male,65,8/22/2015,8/16/2019,No,$60 ,Television
298,Cchaddie,Seegar,cseegar89@ucsd.edu,Female,61,5/9/2021,3/31/2019,No,$15 ,Internet search
299,Ariadne,Van Ross,avanross8a@imgur.com,Female,39,8/16/2016,,No,$30 ,Television
300,Loren,Mallett,lmallett8b@senate.gov,Female,50,4/17/2023,3/7/2015,No,$15 ,Internet search
301,Hort,Cumberbatch,hcumberbatch8c@wired.com,Female,19,3/12/2014,8/24/2022,Yes,$30 ,Event
302,Erinna,Brugmann,ebrugmann8d@mozilla.org,Female,53,11/1/2022,,No,$30 ,Social media
303,Rikki,Fredi,rfredi8e@dion.ne.jp,Female,38,7/24/2017,3/14/2018,No,$15 ,Event
304,Eilis,Bapty,ebapty8f@posterous.com,Female,19,5/11/2017,,No,$15 ,Email newsletter
305,Pete,Stickells,pstickells8g@behance.net,Male,47,4/12/2023,2/25/2019,Yes,$30 ,Television
306,Emmett,Sego,esego8h@blogtalkradio.com,Female,69,8/23/2019,,Yes,$30 ,Event
307,Aaren,McCrum,amccrum8i@toplist.cz,Female,77,6/11/2015,6/18/2023,No,$30 ,Event
308,Bee,Knolles-Green,bknollesgreen8j@independent.co.uk,Female,39,12/2/2016,5/9/2021,No,$30 ,Radio
309,Devy,Easlea,deaslea8k@purevolume.com,Male,44,4/9/2021,,No,$60 ,Social media
310,Pall,Fealey,pfealey8l@ning.com,Female,46,1/15/2022,,No,$30 ,Television
311,Ettie,Domenicone,edomenicone8m@deliciousdays.com,Other,46,2/8/2024,5/24/2015,No,$15 ,Event
312,Skipton,Mateo,smateo8n@google.co.jp,Female,68,5/9/2014,7/18/2015,No,$15 ,Social media
313,Angeli,McCreath,amccreath8o@examiner.com,Male,92,1/19/2024,12/17/2018,No,$30 ,Event
314,Lenard,Stanlake,lstanlake8p@theatlantic.com,Female,21,2/26/2019,12/4/2021,No,$15 ,Event
315,Cinda,Maitland,cmaitland8q@yale.edu,Female,30,4/4/2023,11/25/2017,No,$15 ,Advertisement
316,Kristo,Galpen,kgalpen8r@who.int,Male,23,1/12/2021,,No,$30 ,Email newsletter
317,Skippie,Morter,smorter8s@uol.com.br,Male,28,12/22/2023,1/10/2024,No,$30 ,Other
318,Finn,Atyeo,fatyeo8t@who.int,Male,87,7/18/2023,12/24/2015,No,$15 ,Television
319,Essa,Buney,ebuney8u@shutterfly.com,Female,60,8/21/2020,12/21/2018,No,$15 ,Print media
320,Mavis,Harower,mharower8v@howstuffworks.com,Male,78,10/20/2014,,No,$30 ,Social media
321,Chrystel,Falconbridge,cfalconbridge8w@biglobe.ne.jp,Female,92,8/28/2019,12/12/2021,No,$30 ,Event
322,Juliette,Dunstone,jdunstone8x@lycos.com,Female,94,9/26/2023,2/5/2022,No,$15 ,Print media
323,Dorey,Sonnenschein,dsonnenschein8y@cpanel.net,Male,90,11/12/2018,1/19/2015,No,$15 ,Internet search
324,Misha,Columbell,mcolumbell8z@gnu.org,Male,96,8/16/2022,11/17/2023,No,$15 ,Other
325,Venus,Northleigh,vnorthleigh90@ycombinator.com,Female,37,10/27/2017,1/27/2016,Yes,$15 ,Social media
326,Freddie,Wakley,fwakley91@whitehouse.gov,Female,73,6/18/2021,,No,$15 ,Event
327,Rea,Gietz,rgietz92@craigslist.org,Female,32,10/31/2015,10/30/2022,No,$60 ,Other
328,Sunny,Stewartson,sstewartson93@devhub.com,Male,48,2/12/2015,12/7/2015,No,$30 ,Advertisement
329,Boot,Silcock,bsilcock94@mail.ru,Male,84,2/19/2022,3/16/2020,No,$15 ,Social media
330,Karlene,Greenmon,kgreenmon95@engadget.com,Female,45,12/20/2019,2/20/2022,No,$30 ,Television
331,Corrie,Barcke,cbarcke96@irs.gov,Male,65,1/15/2022,4/1/2022,Yes,$30 ,Internet search
332,Vance,Rogge,vrogge97@4shared.com,Male,59,12/30/2016,,Yes,$15 ,Event
333,Giovanna,Dulieu,gdulieu98@yahoo.co.jp,Female,34,1/22/2020,4/1/2018,No,$15 ,Advertisement
334,Zebedee,Kubyszek,zkubyszek99@cornell.edu,Male,29,8/24/2023,,No,$15 ,Advertisement
335,Maire,Chamberlaine,mchamberlaine9a@phpbb.com,Male,51,5/4/2019,,Yes,$30 ,Event
336,Holly,Cockerell,hcockerell9b@mayoclinic.com,Female,33,11/18/2014,3/29/2015,No,$60 ,Social media
337,Carver,Applewhaite,capplewhaite9c@dailymotion.com,Female,69,2/26/2018,12/24/2022,Yes,$15 ,Event
338,Clio,Yukhnevich,cyukhnevich9d@wisc.edu,Male,80,3/11/2014,12/12/2020,No,$30 ,Print media
339,Allegra,Burnup,aburnup9e@facebook.com,Male,88,1/28/2020,2/18/2024,No,$15 ,Radio
340,Jonell,Staden,jstaden9f@go.com,Other,79,1/28/2017,10/21/2020,Yes,$60 ,Social media
341,Mandy,Boddie,mboddie9g@economist.com,Female,44,2/16/2024,2/24/2020,No,$15 ,Email newsletter
342,Bill,Mackett,bmackett9h@usatoday.com,Female,63,10/11/2022,9/27/2020,No,$30 ,Television
343,Edgar,Dymond,edymond9i@wp.com,Male,88,9/3/2017,,Yes,$15 ,Email newsletter
344,Brad,Conneely,bconneely9j@blogs.com,Female,21,5/14/2018,6/1/2014,No,$15 ,Word of mouth
345,Harriet,Kasting,hkasting9k@cnn.com,Female,88,1/4/2016,5/20/2019,No,$60 ,Advertisement
346,Easter,Roman,eroman9l@alexa.com,Male,79,4/24/2015,12/24/2021,No,$15 ,Print media
347,Marj,Pennycook,mpennycook9m@slideshare.net,Female,71,2/11/2017,5/31/2018,Yes,$15 ,Radio
348,Audrye,Tromans,atromans9n@uiuc.edu,Female,30,11/27/2016,5/16/2021,No,$60 ,Social media
349,Teddie,Briffett,tbriffett9o@chicagotribune.com,Female,29,5/22/2015,1/15/2019,No,$60 ,Social media
350,Clementia,McKew,cmckew9p@msu.edu,Female,44,9/5/2018,10/14/2023,Yes,$30 ,Word of mouth
351,Dorie,Hollindale,dhollindale9q@washingtonpost.com,Male,40,6/17/2015,10/1/2019,No,$15 ,Advertisement
352,Bailie,Grasner,bgrasner9r@slashdot.org,Female,84,7/22/2014,8/4/2017,No,$15 ,Social media
353,Maynard,Farge,mfarge9s@ft.com,Female,88,1/26/2015,12/24/2021,Yes,$60 ,Internet search
354,Frazier,Bister,fbister9t@statcounter.com,Male,68,6/10/2021,,No,$15 ,Other
355,George,Skip,gskip9u@ibm.com,Female,87,9/23/2017,,No,$15 ,Other
356,Bryn,Cairns,bcairns9v@jugem.jp,Male,33,10/2/2014,,Yes,$60 ,Other
357,Bradley,Fleckno,bfleckno9w@state.gov,Female,88,1/24/2018,4/3/2017,No,$30 ,Social media
358,Buck,Boxhill,bboxhill9x@skype.com,Male,72,2/8/2022,7/9/2015,Yes,$15 ,Word of mouth
359,Kristo,Ciccone,kciccone9y@icq.com,Female,65,2/10/2020,8/9/2014,Yes,$15 ,Other
360,Ella,Doctor,edoctor9z@opera.com,Male,42,7/12/2022,4/2/2015,No,$15 ,Word of mouth
361,Tawsha,Chessun,tchessuna0@wired.com,Female,59,1/15/2015,10/2/2022,No,$30 ,Other
362,Madelon,Dottrell,mdottrella1@myspace.com,Female,91,2/28/2023,9/18/2015,No,$15 ,Television
363,Rudolph,Salter,rsaltera2@tuttocitta.it,Female,49,12/13/2017,4/3/2014,No,$30 ,Internet search
364,Minne,Dymidowski,mdymidowskia3@wp.com,Female,29,3/28/2021,1/22/2021,No,$30 ,Internet search
365,Jessee,Bassick,jbassicka4@stumbleupon.com,Male,77,4/27/2015,,No,$15 ,Television
366,Myrah,Dawkins,mdawkinsa5@vinaora.com,Male,77,8/30/2019,10/21/2021,No,$15 ,Email newsletter
367,Lem,Bampkin,lbampkina6@php.net,Male,43,4/1/2014,,No,$30 ,Social media
368,Bryanty,Lorenzo,blorenzoa7@flavors.me,Male,83,2/17/2024,7/26/2019,Yes,$30 ,Event
369,Lyndy,Polamontayne,lpolamontaynea8@ucla.edu,Female,45,2/27/2016,10/26/2019,No,$60 ,Print media
370,Chico,Roome,croomea9@typepad.com,Female,92,5/21/2018,1/6/2022,No,$60 ,Internet search
371,Luisa,Dabrowski,ldabrowskiaa@multiply.com,Female,72,9/2/2015,5/12/2015,No,$60 ,Radio
372,Shirlee,Rhubottom,srhubottomab@skyrock.com,Female,65,12/29/2017,,No,$15 ,Print media
373,Rice,Chaster,rchasterac@house.gov,Male,53,8/16/2017,1/2/2014,No,$15 ,Television
374,Tabitha,Dixie,tdixiead@blog.com,Female,61,2/25/2023,11/20/2022,No,$30 ,Social media
375,Beilul,Antonognoli,bantonognoliae@google.es,Male,74,9/12/2017,,No,$60 ,Email newsletter
376,Cyb,Gabitis,cgabitisaf@themeforest.net,Male,56,9/25/2019,10/18/2022,Yes,$15 ,Advertisement
377,Zelma,Sibun,zsibunag@businesswire.com,Female,43,3/4/2016,,No,$15 ,Event
378,Lolita,Reams,lreamsah@go.com,Female,38,7/24/2019,,No,$15 ,Radio
379,Eirena,Arendsen,earendsenai@lycos.com,Female,88,7/4/2014,7/20/2019,No,$15 ,Word of mouth
380,Mikkel,Kamiyama,mkamiyamaaj@aol.com,Female,36,7/20/2015,7/2/2020,Yes,$15 ,Email newsletter
381,Kendra,Giaomozzo,kgiaomozzoak@bluehost.com,Male,28,12/12/2021,8/29/2023,No,$15 ,Television
382,Glenna,Franey,gfraneyal@issuu.com,Female,47,2/8/2023,6/17/2016,No,$15 ,Event
383,Jackqueline,Tapply,jtapplyam@aboutads.info,Female,97,5/7/2021,8/27/2023,No,$15 ,Word of mouth
384,Adora,Haveline,ahavelinean@usgs.gov,Male,67,11/23/2023,8/19/2023,No,$30 ,Email newsletter
385,Garek,Girardey,ggirardeyao@sphinn.com,Male,57,11/4/2020,2/20/2017,No,$15 ,Social media
386,Charmain,Garlant,cgarlantap@1und1.de,Male,86,8/2/2016,5/3/2022,No,$30 ,Advertisement
387,Tobe,Hamper,thamperaq@pinterest.com,Female,56,2/15/2024,,No,$60 ,Email newsletter
388,Joann,Sandars,jsandarsar@networkadvertising.org,Female,73,1/11/2020,9/11/2022,Yes,$60 ,Word of mouth
389,Bennie,Bough,bboughas@economist.com,Female,65,9/9/2016,,Yes,$60 ,Email newsletter
390,Pattin,Caff,pcaffat@sakura.ne.jp,Male,29,1/4/2016,,No,$30 ,Event
391,Tedmund,Catterson,tcattersonau@theglobeandmail.com,Female,60,11/1/2017,1/8/2017,No,$15 ,Social media
392,Olly,Brokenshaw,obrokenshawav@tiny.cc,Female,27,7/7/2023,5/13/2021,No,$15 ,Event
393,Robby,Byars,rbyarsaw@hibu.com,Male,24,6/26/2020,,Yes,$60 ,Television
394,Martynne,Hicks,mhicksax@usgs.gov,Female,92,9/22/2020,10/5/2014,Yes,$15 ,Word of mouth
395,Giacobo,Southan,gsouthanay@seattletimes.com,Male,58,8/15/2021,8/15/2022,No,$60 ,Radio
396,Nydia,De Paoli,ndepaoliaz@alexa.com,Male,28,11/27/2015,2/20/2018,Yes,$15 ,Advertisement
397,Emanuele,Harbertson,eharbertsonb0@globo.com,Male,72,12/6/2022,4/7/2014,No,$30 ,Television
398,Germaine,Clist,gclistb1@twitpic.com,Female,95,3/9/2018,8/2/2021,No,$60 ,Advertisement
399,Kitty,Croad,kcroadb2@aol.com,Female,23,1/1/2016,1/27/2014,Yes,$15 ,Email newsletter
400,Suzi,Early,searlyb3@oaic.gov.au,Female,22,10/16/2021,6/13/2014,Yes,$60 ,Social media
401,Karrah,Handlin,khandlinb4@nifty.com,Male,34,9/30/2016,,No,$15 ,Print media
402,Quinn,Carlo,qcarlob5@wix.com,Female,48,7/1/2016,5/13/2019,Yes,$15 ,Other
403,Nicolea,Lardier,nlardierb6@uol.com.br,Female,82,1/8/2015,5/23/2019,No,$15 ,Radio
404,Maryanne,Benne,mbenneb7@cbsnews.com,Female,50,5/15/2017,11/18/2018,No,$15 ,Radio
405,Noll,MacBean,nmacbeanb8@skyrock.com,Male,71,2/6/2015,,No,$30 ,Other
406,Mildrid,Eymor,meymorb9@pagesperso-orange.fr,Female,86,11/26/2017,10/23/2022,Yes,$15 ,Email newsletter
407,Cody,Spier,cspierba@google.pl,Male,58,10/8/2014,11/20/2020,No,$30 ,Event
408,Jamey,McCard,jmccardbb@sakura.ne.jp,Male,27,8/11/2023,11/27/2019,No,$15 ,Email newsletter
409,Gregg,Doog,gdoogbc@spiegel.de,Female,22,12/24/2023,6/26/2015,No,$60 ,Other
410,Melody,Dobrovolny,mdobrovolnybd@over-blog.com,Male,73,7/1/2015,,No,$15 ,Television
411,Raimundo,O'Shee,rosheebe@usgs.gov,Female,58,12/6/2023,10/21/2016,No,$15 ,Radio
412,Horten,McGlade,hmcgladebf@joomla.org,Other,55,3/28/2020,,No,$60 ,Event
413,Allard,Castelin,acastelinbg@t.co,Female,25,10/4/2020,,No,$30 ,Print media
414,Alvis,Potteridge,apotteridgebh@surveymonkey.com,Female,56,3/26/2015,8/12/2019,No,$15 ,Event
415,Klemens,Sauter,ksauterbi@networksolutions.com,Female,46,6/6/2020,5/3/2021,No,$15 ,Social media
416,Delaney,Faustin,dfaustinbj@webs.com,Male,64,5/18/2022,2/21/2017,No,$30 ,Advertisement
417,Reese,Gowers,rgowersbk@ifeng.com,Male,54,5/12/2022,8/31/2016,No,$60 ,Word of mouth
418,Elmer,Popeley,epopeleybl@netlog.com,Male,97,12/18/2017,5/31/2019,No,$30 ,Email newsletter
419,Laurene,Fysh,lfyshbm@xing.com,Male,93,10/30/2023,,No,$30 ,Other
420,Filia,Titley,ftitleybn@exblog.jp,Male,68,6/23/2023,3/28/2014,No,$15 ,Event
421,Penelopa,Fateley,pfateleybo@live.com,Female,67,1/12/2018,10/7/2018,No,$15 ,Print media
422,Codi,Derges,cdergesbp@sohu.com,Male,29,8/11/2015,5/23/2014,Yes,$30 ,Social media
423,Suzy,Boscher,sboscherbq@apple.com,Female,91,10/1/2015,4/15/2015,Yes,$15 ,Internet search
424,Ethelyn,Brownsword,ebrownswordbr@foxnews.com,Male,85,12/25/2023,,No,$15 ,Social media
425,Maggy,Behagg,mbehaggbs@facebook.com,Female,80,10/8/2022,,No,$30 ,Radio
426,Hermann,Radleigh,hradleighbt@virginia.edu,Male,69,6/1/2023,7/30/2016,Yes,$30 ,Television
427,Eulalie,Reany,ereanybu@usa.gov,Male,96,6/30/2019,10/16/2017,Yes,$30 ,Radio
428,Geri,De Souza,gdesouzabv@i2i.jp,Male,22,6/5/2022,4/20/2016,Yes,$15 ,Advertisement
429,Claudio,Marcome,cmarcomebw@hao123.com,Male,94,3/29/2021,10/17/2023,No,$15 ,Television
430,Herculie,Horry,hhorrybx@delicious.com,Male,21,8/10/2020,4/17/2022,Yes,$30 ,Print media
431,Brant,Sissland,bsisslandby@intel.com,Male,55,9/27/2023,,No,$30 ,Social media
432,Garvy,Yarwood,gyarwoodbz@unc.edu,Female,62,5/22/2018,5/7/2017,No,$15 ,Event
433,Artemis,Muriel,amurielc0@nhs.uk,Female,98,6/26/2018,7/28/2021,Yes,$60 ,Event
434,Cris,Norway,cnorwayc1@cisco.com,Female,43,3/20/2019,2/5/2020,Yes,$15 ,Print media
435,Helaine,Yates,hyatesc2@mtv.com,Female,63,2/10/2022,7/14/2015,No,$15 ,Television
436,Lindon,Sugg,lsuggc3@sfgate.com,Female,80,12/13/2017,9/10/2018,No,$15 ,Internet search
437,Faustine,Wackly,fwacklyc4@networksolutions.com,Male,61,2/7/2020,8/11/2015,No,$15 ,Word of mouth
438,Davine,Foyster,dfoysterc5@yellowbook.com,Male,78,11/22/2014,,No,$15 ,Other
439,Danell,Odd,doddc6@ovh.net,Other,80,2/13/2016,,No,$15 ,Event
440,Phylis,Currey,pcurreyc7@list-manage.com,Male,92,6/9/2018,12/6/2016,No,$30 ,Social media
441,Lianna,Breston,lbrestonc8@parallels.com,Male,82,2/21/2021,,No,$15 ,Email newsletter
442,Natka,Lomax,nlomaxc9@qq.com,Female,76,2/28/2023,,No,$15 ,Social media
443,Charlton,Matieu,cmatieuca@rakuten.co.jp,Male,87,3/23/2019,,No,$60 ,Email newsletter
444,Valaree,Phettiplace,vphettiplacecb@gravatar.com,Female,73,9/27/2023,7/16/2018,No,$15 ,Internet search
445,Matthus,Sorensen,msorensencc@mediafire.com,Male,89,11/29/2018,,No,$15 ,Social media
446,Odo,Chiechio,ochiechiocd@arstechnica.com,Female,63,9/15/2019,10/18/2022,No,$30 ,Event
447,Charles,Caselli,ccasellice@google.com.br,Male,83,8/25/2020,,No,$60 ,Advertisement
448,Dore,Bassom,dbassomcf@sciencedirect.com,Male,75,7/22/2022,5/25/2017,No,$15 ,Email newsletter
449,Koenraad,Woodhead,kwoodheadcg@google.ca,Male,90,6/9/2015,4/19/2019,No,$30 ,Television
450,Lorita,Laffin,llaffinch@usda.gov,Male,50,4/30/2016,10/22/2014,No,$30 ,Internet search
451,Felipa,Cowgill,fcowgillci@google.pl,Female,82,7/11/2022,10/10/2015,No,$30 ,Word of mouth
452,Reade,Kupper,rkuppercj@yahoo.co.jp,Female,66,4/1/2022,1/17/2014,No,$30 ,Television
453,Yancy,Gors,ygorsck@craigslist.org,Male,54,11/27/2020,,No,$15 ,Event
454,Rahel,McCracken,rmccrackencl@sun.com,Male,68,1/25/2018,,No,$15 ,Word of mouth
455,Trey,Sysland,tsyslandcm@ask.com,Female,54,1/25/2015,10/1/2019,No,$15 ,Social media
456,Rosene,Sallarie,rsallariecn@whitehouse.gov,Female,21,4/30/2020,7/15/2021,Yes,$15 ,Social media
457,Patty,Esson,pessonco@who.int,Female,34,6/25/2015,6/16/2017,Yes,$15 ,Event
458,Art,McKomb,amckombcp@g.co,Female,43,6/30/2018,6/29/2019,No,$30 ,Television
459,Evanne,Ilchuk,eilchukcq@elegantthemes.com,Male,21,4/21/2016,,No,$15 ,Word of mouth
460,Melany,Sapshed,msapshedcr@quantcast.com,Male,43,4/24/2023,10/9/2014,No,$30 ,Radio
461,Jeddy,Goldsmith,jgoldsmithcs@people.com.cn,Male,35,3/11/2021,,No,$15 ,Print media
462,Joeann,O'Reagan,joreaganct@netlog.com,Male,50,5/27/2015,,No,$15 ,Event
463,Benyamin,Elphick,belphickcu@behance.net,Male,32,2/1/2020,6/27/2015,No,$15 ,Television
464,Fidel,Gabbitas,fgabbitascv@github.com,Female,90,2/2/2024,6/12/2015,No,$15 ,Event
465,Adan,Kellie,akelliecw@admin.ch,Male,80,9/29/2015,5/23/2016,No,$30 ,Television
466,Peirce,MacConnal,pmacconnalcx@about.me,Male,72,11/8/2021,,No,$30 ,Print media
467,Cariotta,Billison,cbillisoncy@blogtalkradio.com,Male,57,6/22/2023,6/10/2016,No,$30 ,Social media
468,Anne-marie,Ratledge,aratledgecz@4shared.com,Female,47,4/11/2015,2/9/2023,Yes,$15 ,Other
469,Gretchen,Shemelt,gshemeltd0@desdev.cn,Male,25,3/3/2023,8/22/2015,No,$60 ,Email newsletter
470,Elva,Laurenson,elaurensond1@youtube.com,Male,51,3/4/2022,,No,$15 ,Television
471,Colver,Burgiss,cburgissd2@washington.edu,Female,36,10/28/2020,,No,$60 ,Event
472,Lothaire,Antonowicz,lantonowiczd3@whitehouse.gov,Female,77,9/20/2018,10/9/2022,No,$30 ,Advertisement
473,Haroun,Records,hrecordsd4@time.com,Male,75,5/13/2023,11/22/2021,No,$15 ,Word of mouth
474,Claire,Webland,cweblandd5@zimbio.com,Female,23,12/3/2014,,No,$30 ,Print media
475,Elissa,Spaice,espaiced6@dailymotion.com,Male,62,1/3/2023,7/20/2022,No,$15 ,Internet search
476,Eadmund,Glassford,eglassfordd7@aol.com,Female,49,1/27/2023,5/23/2022,No,$15 ,Television
477,Cris,Rulf,crulfd8@printfriendly.com,Other,34,3/1/2016,,Yes,$15 ,Print media
478,Barnard,Twelvetree,btwelvetreed9@google.co.jp,Male,52,9/2/2017,9/2/2017,Yes,$60 ,Event
479,Cecily,Bachmann,cbachmannda@cafepress.com,Male,84,12/21/2022,7/6/2014,No,$30 ,Event
480,Turner,Maharg,tmahargdb@123-reg.co.uk,Female,22,10/23/2018,4/10/2019,No,$60 ,Word of mouth
481,Micheil,Alvares,malvaresdc@bloglines.com,Female,36,8/25/2019,,No,$60 ,Television
482,Monty,Hamments,mhammentsdd@gizmodo.com,Male,33,4/7/2021,10/29/2022,No,$30 ,Internet search
483,Constantin,Lount,clountde@ebay.com,Female,31,5/7/2019,3/8/2017,No,$60 ,Email newsletter
484,Agneta,Attaway,aattawaydf@columbia.edu,Male,80,12/13/2016,1/27/2022,No,$30 ,Event
485,Koo,Gallienne,kgalliennedg@ebay.com,Male,94,5/21/2022,5/11/2022,No,$15 ,Television
486,Sophey,Treffry,streffrydh@cisco.com,Male,54,11/21/2023,,No,$15 ,Radio
487,Arlen,Gambell,agambelldi@craigslist.org,Male,97,4/2/2022,1/14/2023,No,$60 ,Television
488,Adele,Lukianov,alukianovdj@army.mil,Male,68,7/14/2015,10/2/2015,No,$15 ,Word of mouth
489,Estell,Revell,erevelldk@census.gov,Female,59,4/22/2018,,Yes,$60 ,Print media
490,Oralia,Simononsky,osimononskydl@printfriendly.com,Male,45,10/16/2019,12/8/2016,No,$30 ,Print media
491,Janel,Tayt,jtaytdm@booking.com,Male,69,8/4/2016,,Yes,$15 ,Internet search
492,Merrily,Asplin,masplindn@ifeng.com,Female,51,6/10/2016,10/6/2017,Yes,$15 ,Event
493,Corenda,Going,cgoingdo@studiopress.com,Male,56,10/21/2019,5/22/2015,No,$30 ,Other
494,Linc,Botham,lbothamdp@liveinternet.ru,Female,33,8/31/2020,1/17/2017,No,$30 ,Event
495,Andree,Luno,alunodq@hubpages.com,Female,32,9/4/2020,10/27/2015,No,$15 ,Social media
496,Kattie,Kondratenko,kkondratenkodr@vkontakte.ru,Male,26,6/12/2017,3/14/2015,No,$30 ,Internet search
497,Jess,Stannard,jstannardds@businessinsider.com,Female,44,6/21/2018,,No,$30 ,Advertisement
498,Lissa,Mingey,lmingeydt@blogs.com,Female,19,11/29/2021,,No,$30 ,Event
499,Darrelle,Murgatroyd,dmurgatroyddu@wiley.com,Male,54,12/5/2018,6/5/2019,No,$15 ,Print media
500,Finley,Marling,fmarlingdv@abc.net.au,Male,63,7/10/2014,11/17/2020,No,$60 ,Television
501,Clarine,Suffe,csuffedw@google.co.jp,Male,46,7/29/2020,,No,$60 ,Television
502,Barde,Pennells,bpennellsdx@indiatimes.com,Female,80,5/4/2018,12/20/2018,No,$30 ,Television
503,Hermie,Dykins,hdykinsdy@sourceforge.net,Male,92,6/17/2018,2/18/2015,No,$15 ,Advertisement
504,Brose,Armstead,barmsteaddz@jugem.jp,Female,25,6/14/2014,3/22/2017,No,$15 ,Print media
505,Fax,Besse,fbessee0@umich.edu,Male,97,12/13/2018,2/15/2020,Yes,$30 ,Print media
506,Jonie,Slyman,jslymane1@rediff.com,Female,27,12/17/2016,10/12/2021,No,$60 ,Email newsletter
507,Virge,Prendeguest,vprendegueste2@hugedomains.com,Male,66,7/6/2021,1/20/2022,No,$30 ,Advertisement
508,Myca,Surgeon,msurgeone3@google.de,Female,94,6/16/2018,5/1/2017,No,$15 ,Television
509,Ferdinande,Stears,fstearse4@dmoz.org,Female,54,4/3/2014,,No,$60 ,Social media
510,Francyne,Clabburn,fclabburne5@sitemeter.com,Female,90,4/9/2014,11/28/2019,No,$15 ,Event
511,Doroteya,Sobczak,dsobczake6@europa.eu,Female,35,12/23/2014,10/17/2015,Yes,$15 ,Print media
512,Agnesse,Boyat,aboyate7@mozilla.com,Male,50,9/4/2022,8/26/2020,No,$15 ,Email newsletter
513,Marietta,Woolerton,mwoolertone8@lycos.com,Male,51,12/28/2019,10/18/2018,No,$30 ,Event
514,Goober,Daldry,gdaldrye9@wordpress.org,Male,47,11/6/2019,,No,$60 ,Print media
515,Peggy,Searle,psearleea@github.com,Male,47,8/28/2018,,No,$60 ,Radio
516,Elicia,Bromehed,ebromehedeb@miitbeian.gov.cn,Male,96,11/11/2023,10/29/2016,No,$30 ,Television
517,Hebert,Sennett,hsennettec@uiuc.edu,Female,34,6/19/2021,,No,$60 ,Television
518,Zachariah,Danihelka,zdanihelkaed@goodreads.com,Male,94,9/20/2016,7/11/2020,No,$60 ,Print media
519,Simonne,Bailey,sbaileyee@vkontakte.ru,Male,36,2/24/2016,9/9/2014,No,$15 ,Internet search
520,Davey,Kendred,dkendredef@google.fr,Female,80,6/27/2018,4/4/2015,Yes,$60 ,Advertisement
521,Enriqueta,Cordingly,ecordinglyeg@creativecommons.org,Male,76,12/15/2016,12/31/2015,No,$60 ,Social media
522,Sammy,Wardell,swardelleh@goo.gl,Other,34,9/2/2016,9/20/2021,No,$15 ,Social media
523,Illa,Danielut,idanielutei@google.ca,Male,71,10/26/2018,4/28/2020,No,$60 ,Event
524,Aurie,Baversor,abaversorej@yandex.ru,Female,32,8/10/2021,4/12/2021,No,$15 ,Other
525,Yevette,Trevithick,ytrevithickek@mozilla.org,Male,27,10/30/2023,3/17/2020,No,$15 ,Internet search
526,Grayce,Custy,gcustyel@livejournal.com,Female,71,4/22/2023,,No,$15 ,Internet search
527,Vivyan,Loding,vlodingem@angelfire.com,Male,80,3/4/2019,4/27/2016,No,$15 ,Print media
528,Maurie,Orrill,morrillen@jigsy.com,Female,56,9/25/2019,7/19/2016,No,$15 ,Television
529,Kerrin,Gilhooley,kgilhooleyeo@sciencedirect.com,Female,55,9/7/2020,9/9/2019,Yes,$30 ,Other
530,Peri,Dugood,pdugoodep@biglobe.ne.jp,Female,26,2/5/2019,12/6/2017,Yes,$15 ,Television
531,Jdavie,Folbig,jfolbigeq@google.co.jp,Female,80,10/12/2017,11/22/2022,Yes,$15 ,Event
532,Luelle,Watton,lwattoner@chron.com,Male,33,6/16/2014,6/16/2014,No,$15 ,Email newsletter
533,Maye,Evelyn,mevelynes@epa.gov,Female,27,7/14/2023,12/24/2017,No,$30 ,Social media
534,Jard,Viggers,jviggerset@nhs.uk,Male,33,8/15/2021,6/2/2019,No,$15 ,Event
535,Krishna,Kach,kkacheu@spotify.com,Female,73,7/3/2022,,No,$60 ,Event
536,Caril,Domnick,cdomnickev@lulu.com,Male,55,10/16/2016,1/22/2016,No,$15 ,Other
537,Brenden,Gayne,bgayneew@umn.edu,Male,24,9/18/2021,12/3/2020,No,$15 ,Radio
538,Horatia,Toolan,htoolanex@simplemachines.org,Male,86,1/8/2016,4/13/2018,No,$15 ,Internet search
539,Emyle,Rochell,erochelley@si.edu,Male,51,7/26/2018,2/4/2015,No,$30 ,Print media
540,Zebadiah,Baudou,zbaudouez@csmonitor.com,Female,88,2/28/2019,10/17/2015,No,$15 ,Internet search
541,Averell,Weippert,aweippertf0@goo.ne.jp,Male,36,2/4/2015,,No,$15 ,Social media
542,Phineas,Clues,pcluesf1@wikispaces.com,Female,91,3/20/2018,,No,$15 ,Internet search
543,Tawnya,Hawke,thawkef2@cbc.ca,Male,59,4/21/2016,,No,$30 ,Internet search
544,Diane-marie,Ranken,drankenf3@icio.us,Male,70,7/29/2017,,Yes,$15 ,Advertisement
545,Glenn,Presnail,gpresnailf4@go.com,Female,18,5/27/2023,5/25/2022,No,$30 ,Television
546,Rosalia,Fardell,rfardellf5@indiegogo.com,Female,55,5/23/2017,2/10/2022,No,$15 ,Advertisement
547,Godart,Gian,ggianf6@github.com,Male,95,10/10/2014,6/17/2015,No,$15 ,Event
548,Ira,McRill,imcrillf7@noaa.gov,Male,75,11/22/2019,,No,$30 ,Email newsletter
549,Stephanie,Telega,stelegaf8@i2i.jp,Female,44,10/9/2021,12/27/2014,No,$15 ,Event
550,Olive,Ludewig,oludewigf9@samsung.com,Male,75,10/6/2022,,No,$15 ,Social media
551,Roxana,Duffie,rduffiefa@privacy.gov.au,Male,38,1/16/2022,5/1/2016,Yes,$15 ,Internet search
552,Sonia,Lubbock,slubbockfb@bloglovin.com,Male,70,8/17/2019,9/1/2023,No,$30 ,Television
553,Kerrin,Boraston,kborastonfc@squidoo.com,Female,52,10/2/2015,9/20/2017,No,$30 ,Advertisement
554,Jeddy,Bushrod,jbushrodfd@storify.com,Female,24,10/29/2019,11/24/2017,No,$30 ,Event
555,Skip,McCarrick,smccarrickfe@kickstarter.com,Male,57,10/25/2021,,No,$60 ,Internet search
556,Philomena,Lunn,plunnff@lycos.com,Other,23,12/5/2018,11/4/2023,No,$60 ,Email newsletter
557,Arlie,Pohls,apohlsfg@xing.com,Male,91,12/24/2020,6/22/2016,No,$15 ,Social media
558,Hailee,Climer,hclimerfh@furl.net,Male,41,3/20/2016,3/10/2019,Yes,$30 ,Social media
559,Chrissie,Fergyson,cfergysonfi@google.com.hk,Male,34,5/26/2022,3/18/2021,No,$60 ,Advertisement
560,Teodoor,Nelthorp,tnelthorpfj@live.com,Female,46,4/22/2014,5/14/2016,No,$30 ,Other
561,Cybill,Cramer,ccramerfk@dedecms.com,Male,21,9/19/2020,12/25/2014,No,$15 ,Radio
562,Benton,Sotheby,bsothebyfl@accuweather.com,Male,89,7/13/2016,,No,$15 ,Television
563,Anders,Matthews,amatthewsfm@123-reg.co.uk,Female,42,6/30/2019,2/5/2016,No,$15 ,Internet search
564,Shandeigh,Eshelby,seshelbyfn@census.gov,Male,53,7/26/2022,,Yes,$15 ,Internet search
565,Arni,Bartaloni,abartalonifo@google.ca,Female,72,6/11/2018,,No,$15 ,Email newsletter
566,Drucie,Bambrugh,dbambrughfp@msu.edu,Male,27,8/4/2015,3/25/2022,No,$15 ,Television
567,Cassy,Sturge,csturgefq@last.fm,Male,70,8/3/2021,8/14/2022,No,$30 ,Television
568,Mose,Schneidar,mschneidarfr@cloudflare.com,Male,65,5/10/2015,4/15/2021,No,$15 ,Event
569,Stephine,Gravy,sgravyfs@rambler.ru,Female,44,8/26/2020,,No,$15 ,Event
570,Taffy,Marron,tmarronft@cafepress.com,Male,56,6/26/2018,8/24/2016,Yes,$15 ,Word of mouth
571,Ansell,Tierny,atiernyfu@friendfeed.com,Male,85,8/18/2017,2/25/2022,No,$60 ,Email newsletter
572,Moira,Hamprecht,mhamprechtfv@simplemachines.org,Male,52,10/13/2022,7/5/2016,No,$30 ,Social media
573,Christy,Kettlestring,ckettlestringfw@google.com.au,Female,90,11/15/2019,11/27/2019,No,$15 ,Word of mouth
574,Ashia,Georghiou,ageorghioufx@icio.us,Female,52,7/16/2018,,Yes,$15 ,Advertisement
575,Bertie,Josephov,bjosephovfy@4shared.com,Female,42,12/19/2022,2/4/2023,No,$30 ,Print media
576,Darwin,Roderigo,droderigofz@yolasite.com,Male,70,7/29/2014,2/17/2018,Yes,$60 ,Print media
577,Lynn,Deniscke,ldenisckeg0@ning.com,Male,46,1/2/2019,,No,$30 ,Word of mouth
578,Kermit,Whitwam,kwhitwamg1@mail.ru,Male,59,1/13/2015,5/31/2020,No,$15 ,Social media
579,Dulcea,Drivers,ddriversg2@tiny.cc,Female,58,8/15/2019,,No,$15 ,Social media
580,Kellyann,Bilam,kbilamg3@fastcompany.com,Female,58,12/2/2020,,Yes,$15 ,Radio
581,Rochella,Kivits,rkivitsg4@engadget.com,Female,55,5/8/2018,7/23/2018,No,$15 ,Social media
582,Alberik,Aven,aaveng5@symantec.com,Female,38,12/25/2020,,No,$30 ,Social media
583,Evita,Cadagan,ecadagang6@symantec.com,Female,30,5/2/2022,11/3/2023,No,$30 ,Radio
584,Umeko,Hardern,uharderng7@amazon.co.uk,Female,23,9/5/2023,,No,$15 ,Internet search
585,Marie,Kiff,mkiffg8@netscape.com,Female,66,12/19/2015,2/21/2021,No,$60 ,Word of mouth
586,Annice,Quilty,aquiltyg9@gmpg.org,Male,78,1/28/2023,4/30/2016,No,$30 ,Social media
587,Jaine,Warboy,jwarboyga@time.com,Male,31,6/27/2015,2/8/2016,Yes,$15 ,Event
588,Carola,Libermore,clibermoregb@bbb.org,Male,92,9/14/2015,,No,$15 ,Email newsletter
589,Phebe,Race,pracegc@dagondesign.com,Female,50,5/1/2017,,Yes,$60 ,Print media
590,Rakel,Stubbe,rstubbegd@youtube.com,Female,59,4/18/2016,7/28/2017,No,$15 ,Other
591,Urbanus,Sorel,usorelge@paginegialle.it,Male,56,5/28/2015,4/23/2022,Yes,$15 ,Email newsletter
592,Holly,Birkenhead,hbirkenheadgf@cyberchimps.com,Male,66,1/8/2016,2/28/2014,No,$15 ,Event
593,Mimi,Flecknell,mflecknellgg@imageshack.us,Female,75,7/10/2023,5/4/2023,No,$15 ,Social media
594,Holmes,Mazzilli,hmazzilligh@tripadvisor.com,Female,37,10/8/2014,1/9/2014,No,$30 ,Internet search
595,Katerina,Donn,kdonngi@jigsy.com,Female,98,2/22/2016,4/18/2017,No,$30 ,Event
596,Lee,Portlock,lportlockgj@oakley.com,Female,79,12/18/2021,,No,$60 ,Television
597,Dalis,Beckhouse,dbeckhousegk@fotki.com,Female,43,4/15/2019,,Yes,$60 ,Word of mouth
598,Benedicta,Ickovic,bickovicgl@npr.org,Female,59,5/22/2021,8/22/2014,No,$30 ,Advertisement
599,Gabriel,Ondrasek,gondrasekgm@go.com,Female,47,4/28/2015,10/21/2019,No,$30 ,Radio
600,Walt,Neissen,wneissengn@qq.com,Male,23,10/24/2020,10/14/2015,No,$15 ,Radio
601,Ernesto,Thundercliffe,ethundercliffego@shop-pro.jp,Female,69,6/5/2021,3/16/2018,No,$15 ,Email newsletter
602,Clovis,Slocum,cslocumgp@shop-pro.jp,Female,20,2/14/2014,9/27/2021,Yes,$30 ,Internet search
603,Derrek,Toseland,dtoselandgq@feedburner.com,Female,87,10/18/2021,4/6/2018,No,$60 ,Print media
604,Ameline,Waison,awaisongr@umich.edu,Male,73,12/23/2021,5/23/2017,No,$15 ,Word of mouth
605,Mariya,Janata,mjanatags@mayoclinic.com,Male,82,12/31/2018,,No,$30 ,Other
606,Edsel,Cosans,ecosansgt@sina.com.cn,Female,65,11/22/2016,9/13/2022,No,$15 ,Event
607,Bear,Munnery,bmunnerygu@histats.com,Male,42,8/4/2015,,No,$30 ,Internet search
608,Arabele,Note,anotegv@myspace.com,Male,27,1/1/2021,4/15/2020,No,$15 ,Internet search
609,Corey,Pullinger,cpullingergw@accuweather.com,Male,96,12/24/2017,7/7/2019,Yes,$15 ,Email newsletter
610,Christan,Oultram,coultramgx@squidoo.com,Male,41,5/24/2019,,No,$30 ,Print media
611,Mara,Brunstan,mbrunstangy@zimbio.com,Female,34,2/19/2021,1/20/2021,No,$15 ,Radio
612,Denys,Symon,dsymongz@google.de,Male,31,3/21/2020,,No,$15 ,Internet search
613,Thea,Crichley,tcrichleyh0@nih.gov,Male,61,8/8/2023,8/3/2015,No,$15 ,Social media
614,Rebekkah,Monketon,rmonketonh1@eventbrite.com,Female,68,1/14/2015,8/30/2023,No,$30 ,Advertisement
615,Garreth,Eaklee,geakleeh2@dailymail.co.uk,Male,90,7/4/2021,11/23/2022,No,$30 ,Event
616,Martica,Gerrard,mgerrardh3@uiuc.edu,Female,19,2/27/2016,4/18/2017,No,$30 ,Print media
617,Dalenna,Magner,dmagnerh4@ustream.tv,Male,95,12/2/2015,1/23/2016,No,$15 ,Other
618,Bambie,Ekins,bekinsh5@unblog.fr,Female,86,8/14/2014,1/4/2018,Yes,$15 ,Word of mouth
619,Rollin,Varfalameev,rvarfalameevh6@themeforest.net,Male,26,10/12/2018,12/10/2015,Yes,$30 ,Radio
620,Addy,Greatrex,agreatrexh7@guardian.co.uk,Male,57,4/11/2018,11/12/2023,No,$30 ,Email newsletter
621,Calley,Duhig,cduhigh8@ucsd.edu,Male,98,10/8/2021,8/19/2023,No,$60 ,Radio
622,Brannon,Ondrousek,bondrousekh9@naver.com,Male,22,10/6/2023,10/13/2021,No,$15 ,Advertisement
623,Vyky,Kilian,vkilianha@huffingtonpost.com,Male,84,2/16/2021,7/4/2017,No,$30 ,Advertisement
624,Bernie,Martlew,bmartlewhb@wired.com,Male,94,10/7/2018,,Yes,$30 ,Television
625,Gussie,Dureden,gduredenhc@nydailynews.com,Male,51,5/23/2020,2/18/2016,No,$15 ,Social media
626,Beale,Thacker,bthackerhd@shutterfly.com,Male,57,11/5/2021,11/17/2017,No,$15 ,Radio
627,Hyacintha,Frude,hfrudehe@vkontakte.ru,Male,89,12/30/2018,,No,$60 ,Radio
628,Pen,Meere,pmeerehf@salon.com,Female,78,9/25/2018,,No,$15 ,Radio
629,Basilius,Aughton,baughtonhg@oakley.com,Male,51,5/26/2020,3/14/2021,No,$60 ,Television
630,Marabel,Grahl,mgrahlhh@cyberchimps.com,Male,59,12/2/2022,4/14/2017,No,$15 ,Other
631,Christos,Swainson,cswainsonhi@e-recht24.de,Other,33,6/6/2021,5/3/2018,No,$15 ,Event
632,Cher,Kitcherside,ckitchersidehj@smugmug.com,Other,29,8/1/2020,1/11/2018,No,$30 ,Print media
633,Glennis,Libero,gliberohk@sina.com.cn,Male,92,3/20/2018,1/20/2019,Yes,$15 ,Event
634,Jaymie,Duran,jduranhl@ebay.co.uk,Female,18,8/28/2016,12/2/2019,No,$30 ,Email newsletter
635,Osmond,Rasmus,orasmushm@springer.com,Male,56,4/19/2020,1/11/2016,No,$30 ,Television
636,Celle,Dami,cdamihn@angelfire.com,Female,67,12/16/2023,4/7/2016,Yes,$15 ,Print media
637,Abram,Vurley,avurleyho@rakuten.co.jp,Male,38,8/10/2017,9/30/2022,No,$60 ,Radio
638,Chickie,Gopsall,cgopsallhp@theguardian.com,Male,35,1/30/2016,11/11/2017,Yes,$15 ,Internet search
639,Cecily,Klimus,cklimushq@admin.ch,Male,43,10/8/2016,1/27/2019,Yes,$60 ,Radio
640,Filmer,Capstick,fcapstickhr@google.com.hk,Female,64,3/31/2023,12/23/2015,Yes,$30 ,Internet search
641,Chryste,Reyna,creynahs@51.la,Male,54,10/26/2019,7/1/2020,No,$30 ,Internet search
642,Ethel,Palluschek,epalluschekht@google.com.br,Male,62,7/1/2018,5/1/2019,No,$30 ,Advertisement
643,Addie,Hazeman,ahazemanhu@samsung.com,Female,66,2/1/2023,1/4/2023,No,$60 ,Television
644,Gwenore,Teek,gteekhv@sfgate.com,Female,37,3/1/2021,3/22/2015,No,$30 ,Other
645,Burch,Hacaud,bhacaudhw@wired.com,Male,93,10/3/2023,12/23/2021,No,$15 ,Event
646,Darrell,Philbrook,dphilbrookhx@oakley.com,Female,94,4/2/2014,2/28/2020,No,$30 ,Social media
647,Lara,Hincham,lhinchamhy@jigsy.com,Female,51,2/26/2023,,No,$60 ,Internet search
648,Cherice,Patzelt,cpatzelthz@usa.gov,Female,44,5/30/2021,,No,$15 ,Radio
649,Mala,Ajam,majami0@jiathis.com,Male,28,3/15/2023,,No,$15 ,Email newsletter
650,Tove,Das,tdasi1@rediff.com,Female,77,10/24/2017,,No,$15 ,Email newsletter
651,Foster,Kirkbright,fkirkbrighti2@nyu.edu,Female,63,8/17/2017,5/24/2020,No,$15 ,Advertisement
652,Mariann,Goncalo,mgoncaloi3@ocn.ne.jp,Male,50,10/28/2023,8/6/2019,No,$30 ,Television
653,Elbert,Hubbucks,ehubbucksi4@gizmodo.com,Female,71,5/11/2020,9/2/2018,No,$15 ,Word of mouth
654,Marcela,Haversum,mhaversumi5@sina.com.cn,Female,52,10/27/2020,11/12/2020,No,$15 ,Internet search
655,August,Alywen,aalyweni6@bigcartel.com,Male,92,7/27/2017,,No,$15 ,Email newsletter
656,Gerhardt,Hanster,ghansteri7@macromedia.com,Male,57,1/13/2018,5/2/2023,Yes,$30 ,Internet search
657,Perl,McGilleghole,pmcgillegholei8@ebay.co.uk,Male,33,12/4/2023,4/9/2023,Yes,$15 ,Other
658,Gill,Foy,gfoyi9@slate.com,Female,92,6/16/2022,1/5/2016,No,$15 ,Internet search
659,Tonya,Bingley,tbingleyia@fda.gov,Male,49,4/23/2022,,No,$15 ,Internet search
660,Vivyan,Adelman,vadelmanib@soundcloud.com,Male,49,5/11/2020,7/10/2016,No,$60 ,Email newsletter
661,Denys,Mc Coughan,dmccoughanic@miitbeian.gov.cn,Female,67,9/1/2019,3/15/2023,No,$15 ,Other
662,Bram,Itscovitz,bitscovitzid@google.fr,Female,78,8/26/2015,,No,$30 ,Internet search
663,Stephie,Petrelli,spetrelliie@alibaba.com,Male,82,1/8/2022,5/24/2014,No,$30 ,Internet search
664,Ervin,Astling,eastlingif@blogger.com,Male,51,9/7/2018,8/18/2016,Yes,$15 ,Print media
665,Terrence,Tebbut,ttebbutig@washington.edu,Female,18,3/28/2021,3/17/2015,Yes,$15 ,Internet search
666,Carny,Crystal,ccrystalih@wikia.com,Male,50,6/16/2018,9/11/2018,Yes,$60 ,Advertisement
667,Austin,Bohey,aboheyii@google.com.hk,Female,58,1/19/2022,7/24/2014,No,$30 ,Social media
668,Wynny,Blasiak,wblasiakij@plala.or.jp,Female,51,3/13/2014,2/17/2018,No,$15 ,Advertisement
669,Robin,Coling,rcolingik@meetup.com,Other,54,9/28/2015,1/20/2017,No,$15 ,Internet search
670,Lorelei,Diter,lditeril@123-reg.co.uk,Female,77,6/5/2023,9/22/2015,Yes,$15 ,Other
671,Florrie,Ulyet,fulyetim@fastcompany.com,Male,74,10/28/2015,12/28/2021,Yes,$60 ,Social media
672,Gavan,Wearing,gwearingin@sbwire.com,Male,46,6/30/2020,5/13/2018,Yes,$30 ,Social media
673,Kellen,Emmert,kemmertio@360.cn,Male,74,10/3/2022,5/25/2018,Yes,$30 ,Other
674,Shandie,Butland,sbutlandip@webnode.com,Female,61,5/27/2016,5/10/2014,No,$15 ,Event
675,Bertrand,Le Prevost,bleprevostiq@yahoo.co.jp,Female,89,12/20/2018,,No,$30 ,Event
676,Nonna,Smewing,nsmewingir@archive.org,Female,49,9/5/2023,7/21/2022,No,$15 ,Print media
677,Sunshine,Adolf,sadolfis@mediafire.com,Male,48,3/15/2015,12/12/2016,Yes,$60 ,Event
678,Ardelis,Rottery,arotteryit@devhub.com,Male,94,1/12/2022,6/19/2016,No,$60 ,Television
679,Quinn,Deekes,qdeekesiu@g.co,Male,40,2/24/2015,,No,$15 ,Other
680,Broderick,Tringham,btringhamiv@elpais.com,Male,27,3/23/2021,,Yes,$15 ,Word of mouth
681,Floris,Dunsmuir,fdunsmuiriw@utexas.edu,Female,81,5/13/2021,,No,$15 ,Word of mouth
682,Barth,Burgher,bburgherix@tamu.edu,Male,58,9/20/2017,8/12/2023,No,$15 ,Other
683,Sibyl,Allcorn,sallcorniy@hugedomains.com,Male,56,11/30/2020,,No,$30 ,Social media
684,Torrance,De Matteis,tdematteisiz@newyorker.com,Male,28,12/22/2019,9/28/2020,No,$15 ,Other
685,Alia,Antos,aantosj0@amazon.co.jp,Male,84,8/6/2018,8/19/2014,No,$15 ,Television
686,Abagael,Dufour,adufourj1@latimes.com,Male,67,8/13/2017,11/11/2017,No,$30 ,Event
687,Roselle,Benjafield,rbenjafieldj2@unblog.fr,Other,58,1/4/2015,8/8/2015,No,$15 ,Advertisement
688,Barron,Jenkinson,bjenkinsonj3@goodreads.com,Male,68,11/11/2014,7/13/2017,No,$60 ,Event
689,Burnaby,Summerscales,bsummerscalesj4@yale.edu,Female,53,6/29/2022,4/14/2022,No,$60 ,Social media
690,Ezra,Dudson,edudsonj5@economist.com,Male,35,4/1/2022,3/5/2018,No,$15 ,Advertisement
691,Ewart,Beeson,ebeesonj6@apache.org,Female,92,9/8/2020,11/24/2019,No,$30 ,Other
692,Sharline,Randall,srandallj7@infoseek.co.jp,Male,92,5/13/2022,2/9/2020,No,$15 ,Radio
693,Alwin,Cullen,acullenj8@dagondesign.com,Female,19,5/21/2021,3/21/2015,No,$30 ,Television
694,Nils,Seamark,nseamarkj9@elpais.com,Male,25,12/15/2015,10/25/2017,No,$30 ,Internet search
695,Florance,Pretsell,fpretsellja@homestead.com,Female,88,4/19/2020,10/24/2022,No,$30 ,Print media
696,Cynthy,Ciccotti,cciccottijb@cloudflare.com,Male,61,10/30/2023,3/12/2018,Yes,$15 ,Print media
697,Davida,Stepto,dsteptojc@storify.com,Female,55,5/25/2015,6/19/2023,Yes,$15 ,Social media
698,Lilian,Dibdin,ldibdinjd@clickbank.net,Female,89,8/30/2019,,No,$15 ,Internet search
699,Tedda,Stonhewer,tstonhewerje@wired.com,Female,94,2/8/2023,5/18/2018,Yes,$30 ,Advertisement
700,Dav,Elphee,delpheejf@usatoday.com,Female,57,6/21/2018,3/12/2019,No,$30 ,Internet search
701,Christabella,MacAllaster,cmacallasterjg@cbc.ca,Male,53,10/5/2016,4/20/2015,Yes,$30 ,Television
702,Aubine,Duckers,aduckersjh@newsvine.com,Other,77,7/5/2022,12/25/2023,Yes,$15 ,Television
703,Giselbert,Ciccotto,gciccottoji@theguardian.com,Female,24,10/22/2022,3/6/2014,No,$60 ,Other
704,Katti,Dubery,kduberyjj@printfriendly.com,Male,27,5/16/2014,6/22/2015,No,$30 ,Social media
705,Kendra,Warham,kwarhamjk@uiuc.edu,Male,24,8/20/2014,9/13/2020,No,$15 ,Radio
706,Corney,Ivashechkin,civashechkinjl@apple.com,Male,92,7/5/2017,,No,$30 ,Social media
707,Abie,Righy,arighyjm@vistaprint.com,Male,30,8/14/2015,1/31/2018,No,$15 ,Print media
708,Ainslie,Weafer,aweaferjn@npr.org,Male,22,9/22/2017,,No,$15 ,Word of mouth
709,Winne,MacPeice,wmacpeicejo@sina.com.cn,Female,27,3/7/2014,12/3/2019,No,$15 ,Advertisement
710,Wakefield,Durnill,wdurnilljp@japanpost.jp,Male,52,11/25/2017,,No,$15 ,Event
711,Des,Zohrer,dzohrerjq@yolasite.com,Male,64,11/4/2018,,No,$15 ,Internet search
712,Levi,Overstone,loverstonejr@github.io,Female,86,3/29/2015,9/16/2022,Yes,$60 ,Other
713,Brice,Shadrach,bshadrachjs@loc.gov,Female,56,5/2/2016,,No,$15 ,Other
714,Jody,Ruoss,jruossjt@usatoday.com,Female,67,12/10/2019,5/29/2016,No,$15 ,Internet search
715,Kirsten,Giorgione,kgiorgioneju@nifty.com,Female,71,7/30/2014,7/14/2018,No,$60 ,Social media
716,Sibylla,Haughton,shaughtonjv@springer.com,Female,43,12/12/2019,4/14/2020,No,$15 ,Internet search
717,Rodina,Caiger,rcaigerjw@drupal.org,Male,69,1/22/2014,,No,$15 ,Advertisement
718,Hugues,Sibun,hsibunjx@bizjournals.com,Female,81,3/22/2021,7/5/2022,No,$15 ,Word of mouth
719,Tarah,Capaldo,tcapaldojy@barnesandnoble.com,Male,62,5/10/2019,8/9/2018,No,$60 ,Radio
720,Raquela,Bussell,rbusselljz@hibu.com,Female,95,5/24/2021,,Yes,$30 ,Event
721,Bert,Plaister,bplaisterk0@howstuffworks.com,Female,87,8/13/2014,10/29/2014,No,$15 ,Radio
722,Constance,Howson,chowsonk1@illinois.edu,Male,25,2/19/2023,3/5/2019,No,$15 ,Radio
723,Kissie,Mattevi,kmattevik2@techcrunch.com,Male,85,6/27/2014,,No,$15 ,Print media
724,Curt,Files,cfilesk3@rambler.ru,Female,83,10/21/2020,,No,$60 ,Internet search
725,Torrence,Jerzyk,tjerzykk4@ox.ac.uk,Female,90,7/10/2023,1/23/2018,No,$15 ,Event
726,Dunc,Janiszewski,djaniszewskik5@nytimes.com,Male,83,4/28/2016,4/28/2014,No,$60 ,Event
727,Nelia,Rilton,nriltonk6@foxnews.com,Male,35,3/9/2018,4/18/2021,No,$15 ,Event
728,Frederic,Hillin,fhillink7@acquirethisname.com,Male,18,12/7/2018,9/4/2014,No,$15 ,Television
729,Rogers,Fuzzard,rfuzzardk8@amazon.co.uk,Male,30,4/3/2015,10/25/2022,No,$15 ,Print media
730,Bond,Dabell,bdabellk9@mediafire.com,Male,83,2/1/2023,2/17/2018,No,$15 ,Social media
731,Tildie,Lauret,tlauretka@toplist.cz,Female,20,8/19/2019,2/19/2019,No,$30 ,Other
732,Delcina,Willcot,dwillcotkb@mashable.com,Female,97,1/24/2022,1/28/2016,No,$30 ,Email newsletter
733,Nolly,Pitrollo,npitrollokc@toplist.cz,Male,20,2/5/2017,,No,$15 ,Email newsletter
734,Wynn,McElwee,wmcelweekd@mayoclinic.com,Male,23,11/6/2016,7/14/2019,No,$30 ,Social media
735,Ebba,Shmyr,eshmyrke@hubpages.com,Female,80,10/18/2018,2/13/2018,No,$15 ,Internet search
736,Banky,Wager,bwagerkf@facebook.com,Male,55,3/19/2014,5/4/2022,No,$60 ,Print media
737,Nananne,Pynn,npynnkg@foxnews.com,Female,45,7/4/2015,,No,$15 ,Television
738,Broderic,McConnel,bmcconnelkh@kickstarter.com,Female,35,4/13/2014,4/17/2017,No,$30 ,Television
739,Larry,Dennidge,ldennidgeki@answers.com,Female,67,5/27/2017,6/30/2015,No,$30 ,Social media
740,Travers,Burnyeat,tburnyeatkj@yolasite.com,Male,43,9/21/2018,11/6/2016,Yes,$15 ,Print media
741,Jacobo,Reilinger,jreilingerkk@comsenz.com,Male,59,8/31/2017,11/1/2020,No,$30 ,Word of mouth
742,Gerianne,Brolan,gbrolankl@symantec.com,Male,45,5/9/2023,8/15/2022,Yes,$15 ,Word of mouth
743,Elvina,Husbands,ehusbandskm@tinyurl.com,Male,93,8/6/2021,11/24/2014,No,$15 ,Print media
744,Othilia,Godilington,ogodilingtonkn@twitter.com,Female,93,4/25/2020,3/4/2021,No,$30 ,Advertisement
745,Gaven,Mathevon,gmathevonko@smugmug.com,Female,77,10/2/2019,5/21/2018,No,$30 ,Social media
746,Erik,Diggin,edigginkp@cargocollective.com,Female,29,11/4/2021,4/26/2023,No,$30 ,Word of mouth
747,Pascale,Toffolo,ptoffolokq@plala.or.jp,Male,27,12/5/2023,5/23/2018,No,$30 ,Advertisement
748,Bevvy,Jorge,bjorgekr@cdbaby.com,Female,64,3/31/2015,,Yes,$60 ,Advertisement
749,Ikey,Tilte,itilteks@angelfire.com,Female,29,11/1/2018,3/14/2020,No,$30 ,Internet search
750,Brand,Crosen,bcrosenkt@java.com,Female,87,1/17/2019,12/31/2019,No,$30 ,Internet search
751,Zacharia,Oseland,zoselandku@washington.edu,Female,65,8/20/2017,5/9/2018,No,$15 ,Internet search
752,Minette,Clemenson,mclemensonkv@unc.edu,Female,54,4/29/2020,1/2/2015,No,$30 ,Social media
753,Bibi,Dunphy,bdunphykw@networkadvertising.org,Female,43,9/1/2014,11/2/2015,No,$15 ,Internet search
754,Kalli,Luckhurst,kluckhurstkx@boston.com,Female,61,1/15/2019,4/11/2020,No,$30 ,Radio
755,Mersey,Tarrant,mtarrantky@dropbox.com,Male,78,7/18/2023,5/17/2021,No,$15 ,Television
756,Dallas,Casford,dcasfordkz@1688.com,Male,60,10/26/2016,9/25/2021,No,$30 ,Radio
757,Lou,Natte,lnattel0@theatlantic.com,Female,53,3/3/2022,,No,$60 ,Internet search
758,Bank,Winckle,bwincklel1@nyu.edu,Male,54,11/28/2022,,No,$15 ,Television
759,Alysa,Bea,abeal2@bizjournals.com,Male,37,12/28/2016,12/22/2022,No,$60 ,Internet search
760,Eugine,Stebbin,estebbinl3@phoca.cz,Female,80,12/22/2016,12/21/2023,No,$30 ,Advertisement
761,Hagan,Schoales,hschoalesl4@miibeian.gov.cn,Male,31,11/3/2017,7/30/2017,No,$30 ,Internet search
762,Minni,Tankin,mtankinl5@independent.co.uk,Female,65,12/14/2021,8/31/2019,Yes,$15 ,Print media
763,Giselbert,Stienham,gstienhaml6@goodreads.com,Male,79,8/4/2023,8/20/2020,Yes,$15 ,Internet search
764,Magdalena,McRae,mmcrael7@g.co,Male,48,10/24/2020,8/16/2016,No,$15 ,Internet search
765,Mic,St Leger,mstlegerl8@storify.com,Female,51,12/23/2023,5/17/2016,Yes,$30 ,Radio
766,Burr,Keel,bkeell9@upenn.edu,Male,52,7/30/2019,6/2/2021,No,$60 ,Television
767,Kim,Calcraft,kcalcraftla@canalblog.com,Male,29,11/7/2023,4/18/2022,No,$15 ,Television
768,Julius,Boorer,jboorerlb@de.vu,Male,65,11/23/2021,9/28/2017,No,$15 ,Word of mouth
769,Purcell,Garrand,pgarrandlc@ebay.com,Female,46,4/3/2015,10/4/2016,No,$15 ,Advertisement
770,Larry,Thouless,lthoulessld@opera.com,Male,29,12/22/2018,1/31/2019,No,$15 ,Radio
771,Keriann,Kausche,kkauschele@google.pl,Female,61,4/28/2016,,No,$30 ,Radio
772,Leeanne,McCheyne,lmccheynelf@hud.gov,Male,83,12/3/2020,,No,$15 ,Social media
773,Tandy,Yellowlee,tyellowleelg@facebook.com,Male,76,12/18/2018,6/14/2021,No,$60 ,Internet search
774,Charles,Kiddell,ckiddelllh@spotify.com,Female,46,12/6/2023,8/16/2015,No,$15 ,Television
775,Suki,Esilmon,sesilmonli@example.com,Male,63,9/11/2016,,No,$60 ,Email newsletter
776,Carolina,Briiginshaw,cbriiginshawlj@tripadvisor.com,Female,26,2/10/2020,,No,$30 ,Print media
777,Sybilla,Roxbee,sroxbeelk@zimbio.com,Male,38,9/28/2020,2/17/2018,No,$30 ,Event
778,Holt,Tinsey,htinseyll@usda.gov,Female,77,3/30/2020,4/20/2016,No,$15 ,Television
779,Luis,Manley,lmanleylm@google.co.jp,Female,40,8/8/2019,6/4/2022,No,$60 ,Other
780,Georgy,Le Sieur,glesieurln@w3.org,Male,89,1/15/2023,7/5/2019,No,$15 ,Radio
781,Maureen,Dodwell,mdodwelllo@surveymonkey.com,Female,66,3/21/2020,8/3/2020,No,$30 ,Social media
782,Euell,Pleavin,epleavinlp@seesaa.net,Female,75,11/26/2015,9/14/2014,No,$15 ,Social media
783,Darius,Malia,dmalialq@gov.uk,Male,23,8/10/2023,11/6/2017,Yes,$30 ,Event
784,Dewain,Drage,ddragelr@biglobe.ne.jp,Male,43,6/21/2023,9/4/2019,No,$30 ,Print media
785,Dolorita,Andersen,dandersenls@washington.edu,Male,44,3/20/2018,5/4/2016,Yes,$30 ,Social media
786,Georgia,Recher,grecherlt@netscape.com,Male,75,12/18/2015,2/13/2024,Yes,$15 ,Social media
787,Ruthie,Bilton,rbiltonlu@fda.gov,Male,76,4/15/2021,8/16/2018,No,$15 ,Advertisement
788,Thelma,Hinrichs,thinrichslv@w3.org,Male,27,4/23/2020,2/20/2015,No,$15 ,Television
789,Tommie,Aynold,taynoldlw@baidu.com,Female,40,9/8/2014,10/13/2023,No,$15 ,Email newsletter
790,Asa,Cleminson,acleminsonlx@infoseek.co.jp,Female,69,1/21/2017,2/4/2022,Yes,$30 ,Internet search
791,Keith,Haveline,khavelinely@naver.com,Male,24,4/29/2019,8/19/2018,No,$60 ,Print media
792,Lorettalorna,Toseland,ltoselandlz@sakura.ne.jp,Female,64,12/16/2023,,Yes,$15 ,Other
793,Freeman,Hairon,fhaironm0@nyu.edu,Female,96,6/3/2018,5/16/2020,No,$30 ,Event
794,Kingsly,Tivolier,ktivolierm1@seattletimes.com,Female,75,11/20/2023,,No,$15 ,Television
795,Alexandre,Bruckental,abruckentalm2@japanpost.jp,Male,22,9/6/2023,,Yes,$60 ,Internet search
796,Lyell,Avann,lavannm3@mediafire.com,Female,82,3/5/2020,9/26/2023,No,$15 ,Internet search
797,Carmon,Canfield,ccanfieldm4@ihg.com,Female,73,2/25/2019,6/27/2022,No,$30 ,Event
798,Sarette,De la Perrelle,sdelaperrellem5@de.vu,Male,71,2/16/2022,12/27/2017,No,$30 ,Advertisement
799,Rice,Yapp,ryappm6@reference.com,Female,21,8/28/2014,,No,$30 ,Radio
800,Blanca,De Giorgi,bdegiorgim7@whitehouse.gov,Male,83,5/31/2022,6/13/2016,No,$15 ,Radio
801,Sharleen,Gudgen,sgudgenm8@dmoz.org,Female,30,8/25/2018,11/8/2023,No,$60 ,Radio
802,Brok,Yockney,byockneym9@etsy.com,Female,68,4/13/2015,10/5/2023,No,$15 ,Word of mouth
803,Bentlee,Poles,bpolesma@forbes.com,Male,66,2/3/2024,2/15/2014,Yes,$60 ,Event
804,Reece,Whisby,rwhisbymb@wordpress.com,Female,65,12/11/2019,3/15/2021,No,$60 ,Internet search
805,Lianne,Nys,lnysmc@ucoz.ru,Male,76,8/7/2021,1/13/2016,No,$30 ,Social media
806,Laverne,Diamond,ldiamondmd@house.gov,Male,34,1/9/2014,8/13/2018,No,$60 ,Television
807,Paco,Wooder,pwooderme@weibo.com,Male,71,1/27/2022,,No,$15 ,Other
808,Hermann,Colbran,hcolbranmf@bandcamp.com,Other,77,8/19/2015,1/26/2016,No,$30 ,Other
809,Murial,Fencott,mfencottmg@phoca.cz,Male,78,12/19/2017,,Yes,$15 ,Social media
810,Pru,Berg,pbergmh@businesswire.com,Female,65,11/7/2023,9/8/2022,No,$15 ,Print media
811,Thelma,Childes,tchildesmi@psu.edu,Male,31,10/28/2020,8/20/2015,Yes,$15 ,Event
812,Marylin,Fealty,mfealtymj@berkeley.edu,Female,55,1/20/2015,10/14/2023,No,$30 ,Radio
813,Beatrisa,Flint,bflintmk@photobucket.com,Male,70,8/12/2022,,No,$30 ,Event
814,Pet,Warbys,pwarbysml@tamu.edu,Male,44,10/2/2016,7/4/2017,No,$30 ,Event
815,Jessie,Postlewhite,jpostlewhitemm@sbwire.com,Male,57,8/1/2019,2/17/2020,Yes,$30 ,Internet search
816,Hillary,Billham,hbillhammn@china.com.cn,Female,57,9/26/2023,,No,$30 ,Word of mouth
817,Tobe,Lippi,tlippimo@meetup.com,Female,42,11/23/2015,5/12/2023,No,$30 ,Internet search
818,Chrysler,Wendover,cwendovermp@godaddy.com,Female,56,4/20/2017,1/29/2020,No,$15 ,Print media
819,Madella,Smitten,msmittenmq@liveinternet.ru,Female,77,3/17/2022,9/9/2021,No,$60 ,Print media
820,Nichole,Orneles,nornelesmr@army.mil,Female,64,10/6/2022,1/4/2021,No,$15 ,Word of mouth
821,Tore,Kenworthey,tkenwortheyms@nydailynews.com,Male,48,1/24/2022,4/17/2018,No,$15 ,Event
822,Luz,Goodger,lgoodgermt@opensource.org,Male,96,5/29/2017,12/7/2016,No,$15 ,Print media
823,Leonardo,Cahillane,lcahillanemu@bloomberg.com,Female,64,4/28/2014,7/19/2023,No,$15 ,Event
824,Mahmoud,Woodfin,mwoodfinmv@kickstarter.com,Female,76,9/1/2022,11/29/2020,Yes,$30 ,Radio
825,Jarred,Bonnick,jbonnickmw@mozilla.org,Male,74,3/12/2019,,No,$60 ,Other
826,Edithe,Armstrong,earmstrongmx@skyrock.com,Female,46,1/25/2016,,No,$15 ,Print media
827,Willa,Nyland,wnylandmy@vkontakte.ru,Other,36,4/20/2019,,No,$15 ,Television
828,Amargo,Liddy,aliddymz@chron.com,Female,81,12/15/2022,3/5/2023,Yes,$30 ,Print media
829,Arnie,Leng,alengn0@china.com.cn,Male,88,1/9/2020,1/1/2018,Yes,$15 ,Other
830,Wenona,Vedeneev,wvedeneevn1@chron.com,Female,90,9/14/2018,6/3/2016,No,$15 ,Email newsletter
831,Jakie,Paynes,jpaynesn2@yandex.ru,Male,73,1/15/2017,9/20/2021,No,$60 ,Word of mouth
832,Ike,Najara,inajaran3@wordpress.org,Male,44,7/29/2019,9/24/2015,No,$15 ,Social media
833,Ingaborg,Snibson,isnibsonn4@51.la,Male,25,4/23/2015,,No,$15 ,Television
834,Rafael,Lillie,rlillien5@archive.org,Male,27,5/9/2016,11/2/2022,No,$30 ,Email newsletter
835,Julie,Jarrad,jjarradn6@example.com,Male,86,4/2/2022,,No,$15 ,Event
836,Etan,Missenden,emissendenn7@meetup.com,Male,73,9/15/2017,7/4/2023,No,$15 ,Internet search
837,Goraud,Karoly,gkarolyn8@google.com.au,Male,53,10/11/2016,9/21/2015,No,$30 ,Advertisement
838,Melodie,Mitchely,mmitchelyn9@imageshack.us,Male,26,9/2/2015,2/20/2019,No,$30 ,Print media
839,Ulrikaumeko,Hadrill,uhadrillna@paginegialle.it,Male,33,10/28/2014,7/30/2021,No,$30 ,Advertisement
840,Augustina,Anstie,aanstienb@cam.ac.uk,Female,96,7/8/2014,2/13/2020,No,$15 ,Radio
841,Ryon,Holtaway,rholtawaync@sakura.ne.jp,Female,31,7/21/2017,,No,$60 ,Advertisement
842,Eulalie,Hasloch,ehaslochnd@addthis.com,Male,97,7/26/2015,,No,$30 ,Social media
843,Kerk,Zoppie,kzoppiene@4shared.com,Female,60,7/8/2022,5/9/2016,No,$15 ,Radio
844,Abra,Fulford,afulfordnf@discovery.com,Male,31,12/18/2022,10/11/2016,No,$30 ,Social media
845,Kimbell,Casero,kcaserong@infoseek.co.jp,Female,52,10/18/2014,2/27/2017,No,$15 ,Radio
846,Aile,Espine,aespinenh@sogou.com,Female,63,8/17/2017,6/2/2016,No,$15 ,Advertisement
847,Jerry,Lancett,jlancettni@chronoengine.com,Female,32,9/26/2020,11/3/2021,No,$15 ,Television
848,Kissiah,Dobeson,kdobesonnj@mapy.cz,Male,23,10/5/2020,9/22/2020,No,$15 ,Television
849,Rad,Doddemeade,rdoddemeadenk@t.co,Male,45,4/27/2023,4/20/2016,No,$15 ,Internet search
850,Dacey,Skipping,dskippingnl@buzzfeed.com,Female,54,4/24/2014,5/27/2023,Yes,$30 ,Event
851,Mel,Spradbery,mspradberynm@redcross.org,Male,50,11/19/2020,5/26/2019,No,$60 ,Word of mouth
852,Abeu,Wickman,awickmannn@bluehost.com,Male,23,10/27/2019,,No,$15 ,Print media
853,Ardath,Sworder,asworderno@hud.gov,Male,71,3/2/2019,12/30/2021,Yes,$15 ,Print media
854,Ginnie,Adam,gadamnp@hibu.com,Female,89,10/30/2014,12/3/2019,No,$30 ,Advertisement
855,Christen,Raun,craunnq@goo.ne.jp,Female,41,1/7/2023,,Yes,$15 ,Print media
856,Cody,Winkle,cwinklenr@who.int,Female,29,6/9/2020,,No,$15 ,Social media
857,Dorian,Mazzei,dmazzeins@washingtonpost.com,Male,79,11/24/2017,5/9/2021,No,$15 ,Radio
858,Halsey,O'Shea,hosheant@jiathis.com,Male,33,12/11/2014,,No,$30 ,Social media
859,Helene,Latore,hlatorenu@spiegel.de,Female,36,1/28/2018,9/28/2018,No,$15 ,Print media
860,Tarra,Bread,tbreadnv@weather.com,Female,51,3/10/2015,4/30/2021,No,$15 ,Social media
861,Yvette,Harhoff,yharhoffnw@vk.com,Female,68,11/13/2023,11/6/2018,No,$15 ,Word of mouth
862,Brnaba,MacKill,bmackillnx@hatena.ne.jp,Other,38,5/23/2020,5/27/2020,No,$15 ,Event
863,Rafi,Merrgen,rmerrgenny@microsoft.com,Female,54,3/29/2023,7/8/2016,No,$15 ,Other
864,Sydney,Echallier,sechalliernz@irs.gov,Female,23,7/15/2020,10/24/2022,No,$15 ,Radio
865,Tommi,Wilsdon,twilsdono0@squarespace.com,Female,49,1/19/2023,6/11/2017,No,$30 ,Print media
866,Zachery,Treven,ztreveno1@arizona.edu,Male,30,10/20/2017,5/23/2014,No,$15 ,Television
867,Cherish,Bradnick,cbradnicko2@unicef.org,Female,71,4/28/2020,2/2/2014,Yes,$30 ,Television
868,Sancho,Mebs,smebso3@admin.ch,Female,62,4/26/2017,8/23/2014,No,$15 ,Other
869,Vanya,Dzenisenka,vdzenisenkao4@vk.com,Female,66,6/15/2019,,No,$15 ,Internet search
870,Ulrika,Driussi,udriussio5@nps.gov,Other,25,8/5/2015,6/21/2014,No,$15 ,Word of mouth
871,Zara,Albrecht,zalbrechto6@moonfruit.com,Male,96,10/1/2014,1/1/2021,No,$15 ,Word of mouth
872,Linet,Reisin,lreisino7@army.mil,Male,77,4/10/2017,3/28/2020,No,$15 ,Radio
873,Gillie,Ratlee,gratleeo8@discuz.net,Female,79,3/22/2023,4/28/2019,Yes,$30 ,Advertisement
874,Jerome,Howgate,jhowgateo9@patch.com,Female,49,7/19/2017,6/3/2020,Yes,$15 ,Internet search
875,Mellie,McKeney,mmckeneyoa@istockphoto.com,Female,48,2/8/2022,,No,$15 ,Print media
876,Wendel,Brinkman,wbrinkmanob@foxnews.com,Female,42,4/15/2022,3/13/2016,No,$60 ,Word of mouth
877,Brose,Dauby,bdaubyoc@4shared.com,Female,75,1/24/2015,4/16/2023,No,$30 ,Email newsletter
878,Susy,Gawke,sgawkeod@chicagotribune.com,Male,77,1/10/2021,9/8/2017,No,$30 ,Television
879,Valma,Vaines,vvainesoe@g.co,Male,76,6/27/2022,12/16/2020,Yes,$30 ,Email newsletter
880,Aguistin,Drakes,adrakesof@cbsnews.com,Female,78,3/23/2017,,No,$60 ,Email newsletter
881,Celia,Ashburne,cashburneog@360.cn,Female,92,5/20/2023,,Yes,$30 ,Email newsletter
882,Paulina,Janeway,pjanewayoh@telegraph.co.uk,Female,59,10/25/2015,9/17/2021,No,$30 ,Event
883,Sollie,Warrior,swarrioroi@flickr.com,Female,39,10/14/2015,3/17/2014,No,$30 ,Email newsletter
884,Damara,McCurry,dmccurryoj@i2i.jp,Male,69,12/14/2022,6/13/2018,No,$15 ,Internet search
885,Brandice,Arpur,barpurok@shinystat.com,Other,71,3/26/2022,,Yes,$15 ,Print media
886,Tessy,Benard,tbenardol@mit.edu,Male,53,3/15/2015,11/13/2021,No,$30 ,Email newsletter
887,Arlyne,Penreth,apenrethom@arizona.edu,Male,32,12/22/2016,8/16/2015,No,$30 ,Social media
888,Sybila,O'Caherny,socahernyon@mac.com,Female,41,3/29/2022,1/19/2022,No,$30 ,Event
889,Tonie,Stickley,tstickleyoo@weebly.com,Female,28,8/27/2018,10/13/2015,No,$30 ,Email newsletter
890,Boot,Giacopini,bgiacopiniop@prweb.com,Male,82,6/25/2021,,No,$60 ,Email newsletter
891,Ardine,Pracy,apracyoq@huffingtonpost.com,Male,21,4/22/2020,,No,$15 ,Print media
892,Anny,Swanwick,aswanwickor@gravatar.com,Male,28,8/11/2018,1/29/2018,No,$15 ,Internet search
893,Berky,Edscer,bedsceros@bloglines.com,Female,40,9/4/2016,12/16/2015,No,$15 ,Internet search
894,Blayne,Troop,btroopot@live.com,Male,26,7/31/2016,5/11/2023,Yes,$15 ,Social media
895,Douglass,Cargill,dcargillou@acquirethisname.com,Female,80,6/15/2016,8/4/2020,Yes,$30 ,Television
896,Jacinthe,Credland,jcredlandov@hud.gov,Female,89,4/8/2022,6/9/2023,Yes,$60 ,Radio
897,Nikolaos,Fenney,nfenneyow@amazon.co.uk,Male,89,11/20/2019,10/7/2023,Yes,$15 ,Email newsletter
898,Debby,Van der Brug,dvanderbrugox@hubpages.com,Male,64,5/11/2022,6/11/2014,Yes,$30 ,Internet search
899,Rodie,Le Pruvost,rlepruvostoy@cocolog-nifty.com,Female,24,10/31/2014,1/15/2021,No,$60 ,Event
900,Fonzie,Puckinghorne,fpuckinghorneoz@virginia.edu,Male,77,2/16/2014,,No,$15 ,Event
901,Lucinda,Ramsey,lramseyp0@webs.com,Male,44,6/30/2021,7/31/2019,No,$15 ,Internet search
902,Gerri,Creaney,gcreaneyp1@va.gov,Female,31,1/30/2023,4/4/2020,No,$30 ,Social media
903,Alec,Trippick,atrippickp2@chron.com,Female,92,1/19/2016,11/19/2016,Yes,$15 ,Email newsletter
904,Barris,Habgood,bhabgoodp3@myspace.com,Male,43,11/27/2022,,No,$15 ,Print media
905,Brand,Hallowell,bhallowellp4@simplemachines.org,Female,51,9/1/2016,3/19/2015,No,$15 ,Advertisement
906,Margette,Labrone,mlabronep5@altervista.org,Female,88,9/18/2017,9/5/2017,Yes,$15 ,Event
907,Alysa,Schustl,aschustlp6@tinypic.com,Female,96,7/11/2014,6/27/2023,No,$15 ,Social media
908,Adi,Tash,atashp7@joomla.org,Male,80,11/2/2021,11/30/2014,No,$60 ,Social media
909,Sher,Vezey,svezeyp8@so-net.ne.jp,Male,30,9/5/2016,,No,$30 ,Print media
910,Audy,Tavinor,atavinorp9@ning.com,Female,22,10/20/2021,1/17/2016,No,$60 ,Other
911,Bearnard,Demageard,bdemageardpa@reference.com,Female,93,12/3/2020,,No,$15 ,Social media
912,Ingaberg,Isacoff,iisacoffpb@xing.com,Male,77,8/5/2016,2/19/2021,Yes,$30 ,Radio
913,Hewet,Tuxwell,htuxwellpc@apache.org,Male,36,3/17/2014,4/21/2015,Yes,$60 ,Radio
914,Opal,Scowcroft,oscowcroftpd@mac.com,Male,34,9/14/2018,3/2/2016,No,$60 ,Word of mouth
915,Jay,Giabucci,jgiabuccipe@qq.com,Female,58,5/11/2017,12/2/2018,No,$60 ,Other
916,Terrie,Mugleston,tmuglestonpf@furl.net,Male,66,8/23/2019,,Yes,$15 ,Print media
917,Nettie,Van Oort,nvanoortpg@oaic.gov.au,Male,62,10/24/2017,7/31/2018,No,$30 ,Social media
918,Conant,Cicconetti,ccicconettiph@hatena.ne.jp,Male,81,9/8/2014,5/16/2022,No,$30 ,Event
919,Minnaminnie,Rosindill,mrosindillpi@chicagotribune.com,Female,63,9/27/2019,11/5/2017,No,$15 ,Internet search
920,Gregg,MacGowing,gmacgowingpj@discuz.net,Female,49,9/8/2019,,No,$30 ,Advertisement
921,Rriocard,Mayze,rmayzepk@nasa.gov,Female,92,9/23/2017,11/6/2014,No,$15 ,Other
922,Mirabel,Emeline,memelinepl@xinhuanet.com,Male,29,4/1/2015,1/16/2020,No,$60 ,Other
923,Abba,Geaves,ageavespm@dyndns.org,Male,32,5/7/2022,10/30/2016,No,$15 ,Radio
924,Shermie,Blannin,sblanninpn@hubpages.com,Male,92,7/2/2019,,No,$15 ,Advertisement
925,Merci,Mart,mmartpo@freewebs.com,Female,35,6/27/2018,,No,$30 ,Internet search
926,Sidonia,de Aguirre,sdeaguirrepp@cam.ac.uk,Male,19,8/16/2022,5/15/2021,No,$60 ,Radio
927,Thomasina,Vick,tvickpq@princeton.edu,Female,72,7/26/2016,3/3/2018,No,$30 ,Radio
928,Kevon,Airton,kairtonpr@nba.com,Female,85,6/11/2019,11/15/2022,Yes,$60 ,Other
929,Gunner,Valenti,gvalentips@wordpress.com,Female,95,1/15/2024,9/10/2021,No,$15 ,Television
930,Maren,Goble,mgoblept@xinhuanet.com,Female,87,5/17/2017,,No,$15 ,Other
931,Cassondra,Palfreyman,cpalfreymanpu@oakley.com,Male,89,7/25/2015,4/23/2018,No,$15 ,Print media
932,Isabel,Churches,ichurchespv@discovery.com,Other,26,11/30/2020,6/13/2020,No,$30 ,Internet search
933,Kaleena,Normant,knormantpw@sohu.com,Male,89,8/18/2023,6/7/2017,No,$60 ,Social media
934,Clari,Braznell,cbraznellpx@spotify.com,Male,50,4/13/2022,8/10/2019,Yes,$30 ,Event
935,Jarid,Paule,jpaulepy@wiley.com,Male,60,11/9/2021,7/28/2017,No,$15 ,Social media
936,Mellie,Batram,mbatrampz@sciencedirect.com,Male,53,1/18/2015,3/21/2015,No,$30 ,Internet search
937,Wilburt,Aylward,waylwardq0@github.com,Male,48,7/10/2017,11/13/2014,No,$60 ,Email newsletter
938,Ediva,Esposito,eespositoq1@omniture.com,Female,90,11/1/2020,12/25/2019,No,$30 ,Word of mouth
939,Erhart,Auston,eaustonq2@rediff.com,Male,35,7/11/2018,11/9/2023,No,$30 ,Social media
940,Heywood,Loblie,hloblieq3@unicef.org,Female,80,1/23/2016,,No,$30 ,Television
941,Rodina,Sherr,rsherrq4@mapy.cz,Female,47,11/9/2018,11/16/2019,No,$30 ,Internet search
942,Morganne,Bownde,mbowndeq5@google.fr,Male,92,6/24/2019,4/24/2020,No,$30 ,Word of mouth
943,Janeta,Simionato,jsimionatoq6@cbslocal.com,Male,76,12/16/2017,,No,$30 ,Radio
944,Ursuline,Keuning,ukeuningq7@gov.uk,Male,38,11/19/2014,4/21/2020,No,$15 ,Print media
945,Hersh,Choldcroft,hcholdcroftq8@sfgate.com,Female,95,5/13/2017,9/5/2022,No,$30 ,Other
946,Marsha,Klais,mklaisq9@unc.edu,Male,57,3/9/2017,10/18/2020,No,$60 ,Event
947,Jacinthe,Jacobsen,jjacobsenqa@stumbleupon.com,Male,54,4/21/2016,5/24/2018,No,$60 ,Word of mouth
948,Lisha,Harms,lharmsqb@fotki.com,Male,94,7/4/2016,,No,$15 ,Print media
949,Rivi,Oliphant,roliphantqc@instagram.com,Male,47,2/22/2019,,No,$30 ,Advertisement
950,Base,Macrow,bmacrowqd@com.com,Female,71,12/18/2021,6/27/2022,No,$30 ,Event
951,Daloris,MacNamara,dmacnamaraqe@istockphoto.com,Male,34,7/1/2021,1/31/2019,No,$60 ,Television
952,Bobette,Filyaev,bfilyaevqf@tripadvisor.com,Male,23,1/21/2017,12/31/2020,No,$15 ,Advertisement
953,Luciano,Rielly,lriellyqg@berkeley.edu,Female,64,10/17/2014,4/22/2020,Yes,$30 ,Advertisement
954,Leshia,Cartmell,lcartmellqh@aol.com,Male,37,11/23/2020,,No,$30 ,Email newsletter
955,Estevan,Brekonridge,ebrekonridgeqi@live.com,Male,69,6/29/2022,6/19/2023,Yes,$30 ,Internet search
956,Callida,Kneeland,ckneelandqj@de.vu,Male,40,2/3/2014,3/31/2023,No,$15 ,Other
957,Aida,Hubble,ahubbleqk@google.co.jp,Male,65,1/4/2014,,No,$30 ,Other
958,Siward,Huncoot,shuncootql@fc2.com,Male,84,3/16/2017,10/21/2022,No,$15 ,Word of mouth
959,Thorin,Wadworth,twadworthqm@technorati.com,Female,54,4/4/2019,8/25/2017,No,$15 ,Print media
960,Thorndike,Tassel,ttasselqn@dagondesign.com,Male,41,10/31/2022,,No,$60 ,Radio
961,Diann,Denisevich,ddenisevichqo@shutterfly.com,Male,50,4/2/2019,,No,$15 ,Word of mouth
962,Tabitha,Crannage,tcrannageqp@wsj.com,Female,30,5/18/2023,,No,$30 ,Advertisement
963,Theo,Pardon,tpardonqq@about.me,Male,32,10/3/2017,11/27/2021,No,$15 ,Internet search
964,Deloris,Zambon,dzambonqr@washingtonpost.com,Female,59,11/4/2018,,No,$30 ,Print media
965,Haskell,Eggers,heggersqs@bloglines.com,Female,76,6/15/2018,11/2/2020,No,$15 ,Event
966,Nadine,Morgan,nmorganqt@stanford.edu,Female,44,2/26/2016,3/20/2014,No,$15 ,Other
967,Joycelin,Iddons,jiddonsqu@stumbleupon.com,Male,59,2/3/2014,,Yes,$15 ,Word of mouth
968,Gery,Bellow,gbellowqv@state.tx.us,Male,22,11/13/2022,3/15/2015,No,$30 ,Internet search
969,Joceline,Talboy,jtalboyqw@baidu.com,Female,60,6/12/2022,8/1/2017,Yes,$15 ,Other
970,Karla,Crosson,kcrossonqx@deviantart.com,Male,81,1/7/2021,,No,$15 ,Social media
971,Bryn,Matignon,bmatignonqy@etsy.com,Male,22,1/19/2023,,Yes,$30 ,Word of mouth
972,Thedrick,Worthing,tworthingqz@purevolume.com,Male,41,12/11/2016,5/17/2020,No,$15 ,Internet search
973,Bobbie,Wellum,bwellumr0@4shared.com,Male,33,1/23/2021,2/11/2019,No,$30 ,Event
974,Tiphany,Stelli,tstellir1@slate.com,Male,76,11/25/2020,12/6/2016,No,$15 ,Radio
975,Hertha,Gaffon,hgaffonr2@sfgate.com,Female,61,10/20/2021,10/8/2017,No,$15 ,Event
976,Terri-jo,Blaxall,tblaxallr3@globo.com,Other,39,10/14/2018,12/10/2015,Yes,$30 ,Advertisement
977,Theodor,Steere,tsteerer4@usgs.gov,Female,73,11/23/2022,,No,$15 ,Television
978,Ottilie,Pigram,opigramr5@bizjournals.com,Male,64,8/12/2015,5/17/2022,Yes,$30 ,Social media
979,Woodman,Whebell,wwhebellr6@skyrock.com,Female,73,12/4/2017,1/11/2022,No,$15 ,Internet search
980,Duncan,Tzarkov,dtzarkovr7@amazon.com,Male,28,1/2/2024,2/14/2018,No,$30 ,Advertisement
981,Brewster,Bugg,bbuggr8@indiegogo.com,Female,50,4/21/2016,4/30/2015,No,$15 ,Radio
982,Niel,Brayson,nbraysonr9@newyorker.com,Female,65,6/20/2015,3/14/2021,No,$15 ,Advertisement
983,Ingamar,Flooks,iflooksra@skyrock.com,Male,52,10/26/2016,8/30/2019,No,$15 ,Other
984,Beniamino,Rowler,browlerrb@discuz.net,Other,51,8/15/2014,3/2/2016,No,$60 ,Internet search
985,Karrah,Desvignes,kdesvignesrc@wufoo.com,Male,39,8/30/2022,6/7/2023,Yes,$60 ,Television
986,Zerk,Calderonello,zcalderonellord@dailymotion.com,Female,33,9/27/2022,10/23/2022,No,$15 ,Print media
987,Ludvig,Mc Ilwrick,lmcilwrickre@salon.com,Male,21,3/5/2022,,Yes,$30 ,Other
988,Helen,Cockrem,hcockremrf@sina.com.cn,Male,72,7/24/2020,9/23/2014,No,$15 ,Word of mouth
989,Nelson,Marshallsay,nmarshallsayrg@google.com,Male,77,11/8/2020,12/26/2020,No,$15 ,Print media
990,Adelaida,Fasey,afaseyrh@xinhuanet.com,Female,78,8/14/2018,8/22/2022,No,$15 ,Social media
991,Guilbert,MacAirt,gmacairtri@oakley.com,Male,36,2/13/2024,8/19/2018,Yes,$60 ,Advertisement
992,Kaleena,Condon,kcondonrj@t-online.de,Male,86,9/29/2017,11/16/2017,Yes,$30 ,Word of mouth
993,Clementine,Boggas,cboggasrk@shinystat.com,Female,20,10/7/2021,,No,$60 ,Other
994,Quinn,Plumridege,qplumridegerl@desdev.cn,Male,69,11/26/2017,10/27/2016,No,$15 ,Other
995,Kennie,Ruppertz,kruppertzrm@mlb.com,Male,79,1/15/2017,6/27/2021,No,$15 ,Television
996,Dalis,Newing,dnewingrn@miibeian.gov.cn,Female,52,8/24/2015,12/25/2014,No,$15 ,Print media
997,Terrijo,Posvner,tposvnerro@qq.com,Male,48,1/17/2019,2/28/2017,Yes,$60 ,Other
998,Odelinda,Bagster,obagsterrp@aboutads.info,Female,69,4/25/2014,,No,$60 ,Television
999,Alessandra,Biddlestone,abiddlestonerq@blogspot.com,Female,93,7/29/2017,5/15/2018,No,$15 ,Email newsletter
1000,Florry,Brogden,fbrogdenrr@berkeley.edu,Male,23,3/9/2019,6/6/2022,No,$15 ,Internet search
