id,First_Name,Last_Name,Email,Gender,Age,Date Sign Up,Cancellation Date,TrainerYN,Membership_Plan,How_Hear_About
1,Edik,Tollerton,etollerton0@barnesandnoble.com,Other,89,11/18/2021,5/24/2017,FALSE,$30,Internet search
2,Frank,Bowmaker,fbowmaker1@flavors.me,Male,73,12/25/2015,8/8/2022,TRUE,$15,Television
3,Beulah,Ochiltree,bochiltree2@engadget.com,Female,45,2/6/2015,4/18/2023,FALSE,$30,Internet search
4,Gram,Matcham,gmatcham3@hp.com,Female,71,10/4/2018,7/8/2022,FALSE,$30,Word of mouth
5,Martin,Goffe,mgoffe4@imgur.com,Male,68,12/16/2022,7/4/2022,FALSE,$60,Social media
6,Adrienne,Pardue,apardue5@mtv.com,Other,77,2/11/2018,11/12/2017,FALSE,$30,Internet search
7,Joyce,Givens,jgivens6@miitbeian.gov.cn,Other,46,4/10/2015,5/18/2018,TRUE,$15,Print media
8,Vachel,Beddall,vbeddall7@jalbum.net,Male,25,4/25/2022,2/4/2016,FALSE,$30,Radio
9,Eydie,McCathay,emccathay8@sbwire.com,Other,64,9/16/2018,9/15/2018,FALSE,$15,Print media
10,Shani,Fenner,sfenner9@usa.gov,Female,61,8/6/2022,2/24/2018,TRUE,$30,Internet search
11,Pia,Riccardi,priccardia@noaa.gov,Female,81,1/3/2024,11/24/2019,TRUE,$30,Word of mouth
12,Sharon,Vittet,svittetb@soundcloud.com,Other,24,12/12/2018,6/9/2014,FALSE,$60,Email newsletter
13,Kare,Maggiore,kmaggiorec@blogtalkradio.com,Female,54,3/4/2016,2/12/2018,FALSE,$15,Internet search
14,Patin,Wisdom,pwisdomd@buzzfeed.com,Female,73,9/3/2023,,TRUE,$60,Television
15,Gretna,Millward,gmillwarde@blogs.com,Male,31,2/3/2019,8/10/2023,FALSE,$15,Event
16,Ysabel,Drewet,ydrewetf@loc.gov,Other,50,2/1/2019,11/19/2019,TRUE,$60,Social media
17,Vivi,Drust,vdrustg@chicagotribune.com,Female,19,6/17/2023,9/28/2019,TRUE,$60,Radio
18,Keri,Harriagn,kharriagnh@cocolog-nifty.com,Other,92,10/14/2022,12/19/2021,TRUE,$15,Word of mouth
19,Gabby,Antonias,gantoniasi@youtu.be,Other,22,12/14/2022,3/16/2018,FALSE,$30,Radio
20,Hill,Tripean,htripeanj@twitter.com,Female,52,8/10/2016,2/23/2023,FALSE,$60,Word of mouth
21,Wilma,Stirling,wstirlingk@linkedin.com,Female,21,9/19/2017,3/5/2018,TRUE,$60,Email newsletter
22,Dionysus,Longshaw,dlongshawl@cnbc.com,Male,72,7/23/2017,9/25/2018,TRUE,$30,and Other
23,Sinclair,Mance,smancem@constantcontact.com,Other,34,12/14/2014,1/10/2018,FALSE,$15,Word of mouth
24,Cedric,Daniels,cdanielsn@latimes.com,Other,96,9/6/2018,,FALSE,$30,Advertisement
25,Fairlie,Mavin,fmavino@posterous.com,Other,29,1/17/2016,3/7/2019,TRUE,$30,Advertisement
26,Kippy,Gatfield,kgatfieldp@macromedia.com,Other,30,9/10/2023,,FALSE,$30,Advertisement
27,Sauveur,Binnes,sbinnesq@sphinn.com,Male,42,8/31/2016,3/19/2023,TRUE,$60,Television
28,Siward,Barts,sbartsr@cnn.com,Female,69,7/23/2022,2/11/2016,TRUE,$30,Print media
29,Gian,O'Flaherty,goflahertys@flickr.com,Other,61,11/6/2023,,TRUE,$30,Television
30,Gabriell,Vasishchev,gvasishchevt@cbsnews.com,Female,29,6/4/2015,1/27/2021,FALSE,$30,Print media
31,Randie,Fitt,rfittu@altervista.org,Male,82,1/3/2024,,FALSE,$30,Print media
32,Marv,Spinella,mspinellav@hugedomains.com,Female,88,12/10/2022,4/2/2023,FALSE,$30,Word of mouth
33,Virgil,Weller,vwellerw@slate.com,Female,89,12/7/2015,5/31/2018,TRUE,$15,Social media
34,Fabio,Leathes,fleathesx@i2i.jp,Male,49,9/11/2021,6/5/2021,FALSE,$30,Advertisement
35,Hedwig,Patifield,hpatifieldy@hatena.ne.jp,Female,27,3/22/2021,,TRUE,$15,Print media
36,Brigitta,Pilsworth,bpilsworthz@booking.com,Female,45,6/6/2015,,TRUE,$60,and Other
37,Demetrius,Booth-Jarvis,dboothjarvis10@epa.gov,Male,18,12/9/2015,7/18/2014,TRUE,$30,Print media
38,Chrisy,McChruiter,cmcchruiter11@nba.com,Male,26,11/27/2021,8/6/2014,FALSE,$60,Event
39,Kaiser,Allerton,kallerton12@soup.io,Female,63,2/3/2017,4/9/2019,TRUE,$30,Television
40,Ollie,Kinchley,okinchley13@baidu.com,Male,61,4/26/2014,,TRUE,$60,Email newsletter
41,Shaw,Kersey,skersey14@google.nl,Female,75,5/6/2022,,FALSE,$30,Advertisement
42,Lyon,Dikes,ldikes15@spotify.com,Other,61,9/3/2014,10/17/2015,TRUE,$15,Internet search
43,Codi,Pawelski,cpawelski16@nytimes.com,Male,45,12/9/2019,5/23/2021,TRUE,$60,Internet search
44,Cybil,Spacey,cspacey17@fda.gov,Male,44,1/26/2017,10/24/2016,TRUE,$30,and Other
45,Shayne,Arlow,sarlow18@merriam-webster.com,Female,57,9/1/2020,12/9/2018,TRUE,$30,Television
46,Zechariah,McGonigle,zmcgonigle19@ox.ac.uk,Other,65,7/16/2021,4/16/2018,TRUE,$15,Word of mouth
47,Elga,Shew,eshew1a@rambler.ru,Female,34,12/25/2020,6/7/2020,TRUE,$30,Event
48,Maire,Eborall,meborall1b@berkeley.edu,Other,23,5/2/2016,3/6/2014,FALSE,$60,Word of mouth
49,Bibbie,Lonie,blonie1c@exblog.jp,Other,71,12/29/2020,6/29/2022,TRUE,$30,Television
50,Warde,Purves,wpurves1d@wunderground.com,Other,18,5/26/2020,7/12/2020,TRUE,$30,Television
51,Jo ann,Rubes,jrubes1e@elpais.com,Other,88,2/27/2015,2/3/2017,TRUE,$30,Internet search
52,Jeanine,Cosyns,jcosyns1f@hostgator.com,Other,83,9/27/2015,8/24/2020,TRUE,$30,Radio
53,Kaitlin,Potbury,kpotbury1g@google.pl,Male,21,3/7/2021,5/25/2020,TRUE,$60,and Other
54,Adele,Morcom,amorcom1h@senate.gov,Other,56,11/13/2018,12/14/2023,FALSE,$30,Radio
55,Paddy,Sandry,psandry1i@networksolutions.com,Female,74,11/16/2014,7/12/2017,TRUE,$30,Social media
56,Margette,Drover,mdrover1j@51.la,Male,42,7/25/2023,,TRUE,$60,Radio
57,Hewet,Guillart,hguillart1k@1688.com,Female,86,12/7/2019,5/25/2016,TRUE,$30,Social media
58,Ingaberg,Bendley,ibendley1l@statcounter.com,Male,77,1/18/2022,12/31/2019,FALSE,$30,Social media
59,Parry,Treharne,ptreharne1m@google.com.br,Male,91,11/18/2016,,FALSE,$15,Social media
60,Sandy,Rosentholer,srosentholer1n@taobao.com,Other,37,2/13/2021,6/9/2022,TRUE,$30,Print media
61,Elias,Grotty,egrotty1o@cmu.edu,Male,88,9/26/2019,8/29/2022,TRUE,$15,Social media
62,Harlan,Crouch,hcrouch1p@infoseek.co.jp,Other,18,1/2/2024,,TRUE,$60,Event
63,Leann,Bassindale,lbassindale1q@icio.us,Female,91,5/26/2021,10/2/2023,TRUE,$30,Internet search
64,Rosaline,Pedley,rpedley1r@ebay.co.uk,Female,61,6/3/2021,4/27/2018,FALSE,$60,Print media
65,Dora,Moehle,dmoehle1s@stumbleupon.com,Male,98,7/25/2022,,FALSE,$30,and Other
66,Emlynn,Ralling,eralling1t@seesaa.net,Other,68,12/13/2017,2/1/2020,FALSE,$15,Internet search
67,Torin,Adcocks,tadcocks1u@discuz.net,Other,43,9/9/2020,2/25/2019,TRUE,$15,and Other
68,Pippa,Nockolds,pnockolds1v@blogtalkradio.com,Other,96,11/25/2019,,TRUE,$30,Word of mouth
69,Herbie,Bitten,hbitten1w@sogou.com,Male,24,8/31/2022,6/8/2021,TRUE,$15,Word of mouth
70,Marys,Dahlborg,mdahlborg1x@indiatimes.com,Male,85,12/7/2018,4/2/2022,TRUE,$30,Radio
71,Horst,Abelov,habelov1y@dion.ne.jp,Other,18,8/28/2014,1/28/2022,TRUE,$15,Word of mouth
72,Selina,Swaffer,sswaffer1z@stumbleupon.com,Female,28,3/11/2020,11/21/2018,FALSE,$30,Print media
73,Adriana,Hegel,ahegel20@weebly.com,Male,94,4/25/2023,5/14/2018,TRUE,$30,Word of mouth
74,Dell,Errigo,derrigo21@tripod.com,Male,21,8/10/2019,5/22/2021,TRUE,$15,Advertisement
75,Megan,Rolfs,mrolfs22@pinterest.com,Male,26,2/13/2023,,FALSE,$30,Event
76,Hannie,Ravilious,hravilious23@trellian.com,Female,89,7/25/2022,11/15/2017,FALSE,$15,Event
77,Whittaker,Efford,wefford24@netlog.com,Female,89,6/6/2016,4/8/2017,FALSE,$60,Advertisement
78,Jody,Hamel,jhamel25@live.com,Other,98,6/17/2021,1/11/2014,FALSE,$15,Television
79,Betteann,Benedidick,bbenedidick26@flavors.me,Female,77,8/27/2022,,FALSE,$60,Television
80,Salem,Euesden,seuesden27@accuweather.com,Female,48,10/18/2019,2/16/2019,TRUE,$30,Television
81,Hillary,Keogh,hkeogh28@washingtonpost.com,Other,97,4/29/2023,3/29/2023,TRUE,$15,Word of mouth
82,Emmalyn,Haley,ehaley29@g.co,Other,68,10/29/2023,12/28/2017,FALSE,$15,and Other
83,Marshall,Konertz,mkonertz2a@google.ru,Other,50,7/6/2022,1/30/2022,TRUE,$30,Radio
84,Chandal,Kestell,ckestell2b@moonfruit.com,Other,43,6/26/2016,8/2/2016,FALSE,$30,Email newsletter
85,Mathew,Sproul,msproul2c@icio.us,Male,99,3/9/2015,,TRUE,$30,Email newsletter
86,Babbette,Ridge,bridge2d@miitbeian.gov.cn,Male,73,11/9/2023,,FALSE,$15,Television
87,Judas,Huchot,jhuchot2e@bbb.org,Male,51,12/31/2019,,TRUE,$15,Internet search
88,Humfrid,Deville,hdeville2f@bbb.org,Other,58,3/26/2018,10/1/2021,FALSE,$15,Advertisement
89,Clemmie,Siemens,csiemens2g@google.de,Male,54,9/18/2020,8/18/2020,FALSE,$60,Print media
90,Wilmer,Dibdale,wdibdale2h@sakura.ne.jp,Male,39,7/18/2014,7/26/2018,FALSE,$60,Radio
91,Koenraad,Alwood,kalwood2i@sun.com,Male,44,3/21/2021,,TRUE,$30,Radio
92,Clemence,Foss,cfoss2j@cpanel.net,Other,45,5/19/2023,2/6/2019,TRUE,$15,Radio
93,Lyn,Fellis,lfellis2k@icq.com,Female,46,1/15/2016,,FALSE,$15,Social media
94,Marquita,Ferrarone,mferrarone2l@t-online.de,Other,96,1/5/2023,,TRUE,$15,Event
95,Knox,Weymouth,kweymouth2m@lycos.com,Female,72,12/11/2016,,TRUE,$15,Radio
96,Ardeen,Killimister,akillimister2n@twitpic.com,Male,79,10/13/2021,4/28/2019,TRUE,$30,Internet search
97,Sibby,Allin,sallin2o@nih.gov,Male,90,6/10/2014,6/28/2020,TRUE,$60,Email newsletter
98,Gates,Grahame,ggrahame2p@newsvine.com,Male,63,11/16/2017,9/7/2014,FALSE,$60,Word of mouth
99,Esteban,De Brett,edebrett2q@tmall.com,Male,32,7/10/2022,,TRUE,$30,Email newsletter
100,Anya,Mortell,amortell2r@ucla.edu,Female,24,2/12/2022,5/21/2019,TRUE,$30,Advertisement
101,Gibb,Worsell,gworsell2s@ask.com,Other,94,2/9/2018,8/16/2021,TRUE,$60,Print media
102,Chelsea,Grieves,cgrieves2t@virginia.edu,Male,93,1/10/2023,7/16/2018,FALSE,$15,and Other
103,Florette,Hotchkin,fhotchkin2u@alibaba.com,Female,50,6/21/2022,6/11/2020,FALSE,$15,Internet search
104,Lauralee,Palfrey,lpalfrey2v@pinterest.com,Male,19,2/23/2014,7/4/2021,TRUE,$60,Email newsletter
105,Roddie,Muldowney,rmuldowney2w@sbwire.com,Male,76,2/7/2016,11/7/2016,FALSE,$60,Word of mouth
106,Moina,Bannerman,mbannerman2x@huffingtonpost.com,Male,67,3/13/2017,11/26/2014,TRUE,$60,Print media
107,Arvy,Creebo,acreebo2y@soup.io,Female,75,4/23/2020,6/8/2015,TRUE,$15,and Other
108,Gwenore,Harradine,gharradine2z@patch.com,Other,45,11/9/2018,4/19/2020,FALSE,$30,Event
109,Denna,Fookes,dfookes30@addtoany.com,Other,78,3/27/2015,,FALSE,$60,Email newsletter
110,Diena,Caso,dcaso31@vinaora.com,Other,60,2/16/2018,7/22/2022,TRUE,$30,Advertisement
111,Marwin,Anyene,manyene32@google.ca,Other,64,10/31/2020,7/11/2019,TRUE,$15,Internet search
112,Janenna,Loudian,jloudian33@google.com,Other,78,1/24/2017,,TRUE,$30,Radio
113,Vernice,Spurnier,vspurnier34@drupal.org,Female,61,6/22/2019,6/11/2015,TRUE,$60,Email newsletter
114,Hallsy,Shears,hshears35@drupal.org,Male,25,4/19/2017,12/16/2021,FALSE,$60,Word of mouth
115,Clemmy,Whitwam,cwhitwam36@sciencedirect.com,Female,32,12/30/2014,1/7/2016,TRUE,$30,Word of mouth
116,Culver,Hunsworth,chunsworth37@skyrock.com,Male,90,12/30/2019,,TRUE,$15,Event
117,Holmes,Ayshford,hayshford38@java.com,Other,81,8/6/2014,1/9/2023,FALSE,$30,Television
118,Raoul,Kerne,rkerne39@abc.net.au,Male,93,8/17/2016,11/14/2019,FALSE,$30,Advertisement
119,Freemon,Menaul,fmenaul3a@symantec.com,Female,60,4/15/2019,,FALSE,$15,Event
120,Marielle,Murthwaite,mmurthwaite3b@purevolume.com,Male,32,9/29/2021,11/13/2016,FALSE,$60,and Other
121,Roobbie,Szapiro,rszapiro3c@chronoengine.com,Other,88,7/8/2021,6/14/2017,TRUE,$60,Event
122,Nananne,Denson,ndenson3d@macromedia.com,Female,23,8/12/2014,5/30/2019,FALSE,$15,Event
123,Petunia,Sprigin,psprigin3e@desdev.cn,Male,33,12/3/2016,11/16/2017,TRUE,$60,Social media
124,Brandtr,Greetland,bgreetland3f@cbslocal.com,Other,34,5/4/2020,12/12/2018,FALSE,$30,Event
125,Consuela,Thickin,cthickin3g@redcross.org,Male,37,2/17/2016,4/26/2017,TRUE,$30,Email newsletter
126,Rock,Ortler,rortler3h@prlog.org,Male,24,1/9/2022,,TRUE,$60,Internet search
127,Lucilia,Guillet,lguillet3i@51.la,Male,31,10/16/2014,10/22/2021,FALSE,$30,Word of mouth
128,Quentin,Juggings,qjuggings3j@noaa.gov,Female,33,7/4/2018,8/20/2018,TRUE,$30,Radio
129,Lilly,Ladloe,lladloe3k@angelfire.com,Male,66,7/17/2017,4/25/2023,TRUE,$60,Radio
130,Hermann,Greenaway,hgreenaway3l@lulu.com,Other,20,9/8/2017,7/23/2021,FALSE,$30,and Other
131,Arnoldo,Aviss,aaviss3m@about.me,Male,35,9/11/2015,,TRUE,$30,Television
132,Angele,Banke,abanke3n@jugem.jp,Other,42,1/20/2022,,TRUE,$60,Email newsletter
133,Cordelie,Dunbobbin,cdunbobbin3o@yolasite.com,Male,62,10/18/2014,3/27/2019,TRUE,$60,Social media
134,Worden,Poate,wpoate3p@shareasale.com,Male,91,11/3/2016,5/17/2015,FALSE,$30,Radio
135,Sid,Bellison,sbellison3q@edublogs.org,Female,71,10/26/2021,5/19/2023,TRUE,$60,Event
136,Dre,Caulkett,dcaulkett3r@washington.edu,Female,71,1/31/2021,12/2/2017,FALSE,$15,and Other
137,Emory,Erasmus,eerasmus3s@over-blog.com,Female,49,12/14/2017,1/2/2024,FALSE,$15,Advertisement
138,Inglebert,Schiersch,ischiersch3t@chron.com,Other,39,8/2/2016,4/19/2018,FALSE,$15,Print media
139,Aurilia,Hewins,ahewins3u@pbs.org,Female,58,8/13/2018,7/25/2018,FALSE,$60,Advertisement
140,Elmer,Halpeine,ehalpeine3v@blogtalkradio.com,Other,25,4/30/2020,5/11/2014,TRUE,$60,Event
141,Catherine,Martinon,cmartinon3w@twitter.com,Other,84,11/18/2022,,FALSE,$15,Radio
142,Gaylene,Ricold,gricold3x@abc.net.au,Other,23,12/7/2017,2/10/2018,FALSE,$30,Event
143,Atalanta,Reburn,areburn3y@utexas.edu,Male,68,6/14/2019,5/22/2017,TRUE,$60,and Other
144,Waldemar,de Guerre,wdeguerre3z@scientificamerican.com,Male,39,10/1/2020,6/16/2022,FALSE,$15,Social media
145,Derby,Sayer,dsayer40@usnews.com,Female,25,6/27/2015,7/8/2015,FALSE,$15,Event
146,Lynett,Tasseler,ltasseler41@ted.com,Other,51,6/1/2022,,TRUE,$30,Print media
147,Shelba,Endrighi,sendrighi42@eventbrite.com,Male,40,11/9/2018,6/13/2018,FALSE,$60,Internet search
148,Parsifal,Cutsforth,pcutsforth43@shinystat.com,Female,31,5/31/2015,4/26/2018,FALSE,$30,Internet search
149,Vasili,Sends,vsends44@technorati.com,Other,62,11/15/2017,,TRUE,$60,Word of mouth
150,Bride,Nesey,bnesey45@hc360.com,Female,41,9/26/2015,,FALSE,$30,Social media
151,Estrella,Urvoy,eurvoy46@wix.com,Other,32,10/31/2014,,FALSE,$60,Event
152,Eddie,Issitt,eissitt47@nytimes.com,Male,86,1/1/2023,5/28/2018,TRUE,$30,Word of mouth
153,Darcy,Ickowicz,dickowicz48@senate.gov,Female,73,8/18/2015,7/13/2016,FALSE,$15,Radio
154,Ana,Stedell,astedell49@paginegialle.it,Male,58,12/4/2021,7/21/2022,FALSE,$30,Radio
155,Cecilla,Hunnicot,chunnicot4a@wikimedia.org,Female,98,2/4/2023,7/15/2022,FALSE,$15,and Other
156,Alta,Maskall,amaskall4b@phoca.cz,Male,34,5/24/2020,1/31/2014,TRUE,$60,Email newsletter
157,Ami,Whitehair,awhitehair4c@jugem.jp,Male,20,5/20/2021,4/16/2020,FALSE,$60,Email newsletter
158,Benson,Burchmore,bburchmore4d@amazon.com,Female,36,1/20/2016,,FALSE,$60,Television
159,Gard,De Courtney,gdecourtney4e@si.edu,Male,29,11/4/2015,7/11/2017,FALSE,$30,Television
160,Duffy,Artinstall,dartinstall4f@tuttocitta.it,Female,40,2/19/2022,4/18/2014,TRUE,$30,Internet search
161,Val,Foldes,vfoldes4g@gov.uk,Female,55,1/19/2014,6/26/2018,FALSE,$60,Radio
162,Krystal,Pencost,kpencost4h@techcrunch.com,Female,43,6/27/2015,3/31/2022,FALSE,$30,Print media
163,Luella,Beckinsall,lbeckinsall4i@comcast.net,Other,87,12/5/2016,9/7/2018,FALSE,$15,Radio
164,Kaia,Golt,kgolt4j@weebly.com,Other,63,6/17/2014,7/12/2016,TRUE,$30,Television
165,Delilah,Ham,dham4k@hugedomains.com,Male,31,3/25/2021,,FALSE,$60,and Other
166,Juieta,Dmych,jdmych4l@123-reg.co.uk,Other,65,2/20/2016,1/19/2022,FALSE,$15,Event
167,Tomlin,Jayes,tjayes4m@netvibes.com,Female,32,8/17/2022,,TRUE,$60,Social media
168,Roze,Figgs,rfiggs4n@kickstarter.com,Female,20,7/9/2023,1/27/2017,FALSE,$60,Social media
169,Carree,Waugh,cwaugh4o@tripadvisor.com,Other,80,7/19/2014,5/2/2023,TRUE,$30,Word of mouth
170,Fina,Marham,fmarham4p@imageshack.us,Female,44,6/6/2015,10/8/2019,FALSE,$15,Advertisement
171,Lacie,Potell,lpotell4q@adobe.com,Other,64,6/28/2020,4/23/2022,TRUE,$60,Advertisement
172,Faustine,Kalkhoven,fkalkhoven4r@mlb.com,Other,92,5/21/2014,1/12/2022,TRUE,$60,Event
173,Dwayne,Jikovsky,djikovsky4s@themeforest.net,Male,80,1/15/2017,11/20/2021,TRUE,$30,Event
174,Isabelita,McKeon,imckeon4t@newyorker.com,Female,68,12/10/2022,3/22/2022,FALSE,$30,and Other
175,Cort,Milillo,cmilillo4u@mit.edu,Other,45,9/2/2017,4/17/2021,TRUE,$60,Event
176,Bette-ann,Gallichiccio,bgallichiccio4v@purevolume.com,Male,90,1/21/2019,11/12/2021,FALSE,$60,Social media
177,Francisco,Burgen,fburgen4w@pen.io,Other,96,1/8/2023,7/27/2021,FALSE,$60,Television
178,Jill,Tarpey,jtarpey4x@xing.com,Male,84,2/1/2021,5/7/2022,TRUE,$30,Print media
179,Gene,Valentine,gvalentine4y@forbes.com,Female,65,5/15/2023,5/1/2022,FALSE,$60,Email newsletter
180,Ree,Grinov,rgrinov4z@examiner.com,Female,80,2/12/2015,5/9/2023,FALSE,$15,Television
181,Reuven,Maletratt,rmaletratt50@chron.com,Male,45,10/16/2020,9/19/2022,FALSE,$30,Radio
182,Quillan,MacSharry,qmacsharry51@usgs.gov,Other,58,2/27/2020,6/2/2016,TRUE,$30,Internet search
183,Rana,Calender,rcalender52@newyorker.com,Other,42,8/7/2016,4/4/2020,FALSE,$60,Event
184,Novelia,Rouf,nrouf53@com.com,Female,23,12/20/2022,3/16/2018,TRUE,$60,Social media
185,Glenden,Spraging,gspraging54@moonfruit.com,Male,92,8/29/2020,,TRUE,$30,Email newsletter
186,Rolland,Monroe,rmonroe55@gravatar.com,Other,94,10/6/2019,4/26/2017,TRUE,$30,Print media
187,L;urette,Fayers,lfayers56@ezinearticles.com,Female,73,4/17/2019,6/15/2017,TRUE,$30,Print media
188,Brian,Charkham,bcharkham57@symantec.com,Male,58,8/20/2017,6/10/2017,TRUE,$60,Advertisement
189,Doug,Chessill,dchessill58@smugmug.com,Female,73,8/13/2020,7/16/2021,FALSE,$60,Advertisement
190,Tessi,Fores,tfores59@nationalgeographic.com,Other,99,10/1/2016,1/15/2017,TRUE,$30,Internet search
191,Nance,Velde,nvelde5a@google.co.jp,Other,80,2/20/2016,2/24/2020,FALSE,$15,Event
192,Denna,Kelwick,dkelwick5b@gizmodo.com,Female,21,6/17/2019,12/17/2019,TRUE,$15,Social media
193,Bruno,Salsberg,bsalsberg5c@usnews.com,Other,75,4/26/2014,,TRUE,$60,and Other
194,Jules,Sorsby,jsorsby5d@cnet.com,Female,54,4/7/2015,10/16/2015,FALSE,$30,Radio
195,Tallie,Strowlger,tstrowlger5e@wordpress.com,Other,27,9/16/2023,5/2/2019,TRUE,$30,Internet search
196,Bucky,Menezes,bmenezes5f@gravatar.com,Other,59,3/4/2018,5/30/2016,TRUE,$15,and Other
197,Beryle,Aisthorpe,baisthorpe5g@people.com.cn,Other,52,3/16/2022,12/17/2017,TRUE,$30,Radio
198,Lorelei,Houseago,lhouseago5h@nsw.gov.au,Male,64,6/17/2018,4/13/2014,TRUE,$30,and Other
199,Shell,Boord,sboord5i@ow.ly,Female,31,1/27/2021,,FALSE,$15,Radio
200,Lois,Hulkes,lhulkes5j@howstuffworks.com,Male,93,10/31/2016,3/10/2015,FALSE,$30,Event
201,Farica,Weond,fweond5k@google.com.au,Male,83,2/15/2016,11/25/2014,TRUE,$60,Advertisement
202,Nancie,Esgate,nesgate5l@marriott.com,Female,53,1/9/2015,5/5/2016,FALSE,$30,Print media
203,Alexine,Willgress,awillgress5m@pagesperso-orange.fr,Female,41,6/21/2023,4/22/2018,FALSE,$30,Email newsletter
204,Alvira,Parris,aparris5n@apple.com,Other,97,7/5/2017,4/15/2023,FALSE,$15,Social media
205,Mariam,Mathevet,mmathevet5o@sourceforge.net,Female,55,12/15/2016,10/8/2022,TRUE,$15,Internet search
206,Larine,O'Doogan,lodoogan5p@google.co.uk,Other,44,11/20/2022,11/24/2022,FALSE,$60,Advertisement
207,Priscella,Eneas,peneas5q@alibaba.com,Male,57,10/24/2021,9/14/2016,FALSE,$60,and Other
208,Valentino,Suggitt,vsuggitt5r@rediff.com,Female,66,3/6/2018,11/17/2022,TRUE,$30,Social media
209,Mil,Wyld,mwyld5s@plala.or.jp,Female,88,4/22/2020,2/12/2016,FALSE,$60,Advertisement
210,Grissel,Holborn,gholborn5t@google.nl,Male,84,6/4/2014,2/18/2019,FALSE,$60,Television
211,Lotti,Porte,lporte5u@usa.gov,Male,96,12/12/2022,4/27/2018,TRUE,$15,Radio
212,Jacynth,Impy,jimpy5v@163.com,Other,63,10/20/2014,6/14/2016,FALSE,$30,Internet search
213,Garey,Diter,gditer5w@merriam-webster.com,Male,72,1/31/2024,,FALSE,$60,Advertisement
214,Lydia,Cheves,lcheves5x@edublogs.org,Male,22,9/29/2023,8/4/2014,TRUE,$60,Internet search
215,Christal,Allderidge,callderidge5y@friendfeed.com,Other,28,4/29/2015,5/29/2017,FALSE,$15,Email newsletter
216,Kevin,Matuszak,kmatuszak5z@slashdot.org,Female,42,8/25/2019,,FALSE,$30,Email newsletter
217,Julian,Carnie,jcarnie60@dell.com,Female,45,6/16/2014,,TRUE,$30,Event
218,Joli,Bamell,jbamell61@delicious.com,Female,37,5/2/2020,,TRUE,$30,Social media
219,Arnold,Frusher,afrusher62@shareasale.com,Other,58,1/7/2018,,FALSE,$30,Television
220,Maurits,Walthall,mwalthall63@symantec.com,Other,59,11/28/2019,3/11/2018,TRUE,$30,Email newsletter
221,Murry,Ughi,mughi64@gov.uk,Other,47,11/30/2017,1/30/2024,FALSE,$30,Email newsletter
222,Alma,Olivey,aolivey65@wix.com,Female,60,4/6/2015,,FALSE,$30,Internet search
223,Sebastiano,Brasted,sbrasted66@loc.gov,Male,70,12/25/2018,5/15/2023,FALSE,$30,Advertisement
224,Clim,Oventon,coventon67@amazon.de,Female,88,1/14/2019,6/1/2016,TRUE,$30,Event
225,Teresina,Harcombe,tharcombe68@engadget.com,Other,44,11/25/2019,6/25/2017,FALSE,$30,Television
226,Dick,Margarson,dmargarson69@noaa.gov,Male,90,3/3/2020,7/8/2019,FALSE,$60,Word of mouth
227,Eugenius,Cornewall,ecornewall6a@bandcamp.com,Male,94,3/20/2020,8/19/2021,FALSE,$30,Television
228,Mordy,Walliker,mwalliker6b@imgur.com,Female,35,6/5/2022,4/2/2022,FALSE,$30,and Other
229,Heidie,Coling,hcoling6c@msu.edu,Male,41,4/23/2015,,FALSE,$30,Email newsletter
230,Jodi,Langmuir,jlangmuir6d@feedburner.com,Other,52,1/22/2020,5/10/2020,TRUE,$15,Internet search
231,Dina,Boggish,dboggish6e@imdb.com,Male,93,5/1/2020,7/31/2014,TRUE,$60,Advertisement
232,Roosevelt,Walsh,rwalsh6f@princeton.edu,Male,92,5/29/2019,10/30/2023,TRUE,$60,Social media
233,Husain,Downie,hdownie6g@gravatar.com,Female,77,12/25/2020,4/23/2019,FALSE,$15,Television
234,Margie,McGlew,mmcglew6h@deliciousdays.com,Other,70,11/19/2015,,TRUE,$60,and Other
235,Teresa,Remington,tremington6i@issuu.com,Male,92,5/17/2023,3/9/2020,TRUE,$60,Word of mouth
236,Dory,Demaid,ddemaid6j@bravesites.com,Male,70,8/25/2022,,FALSE,$60,Social media
237,Gran,Marples,gmarples6k@squidoo.com,Other,33,11/24/2022,5/24/2020,TRUE,$15,Internet search
238,Cathrin,Launder,claunder6l@oaic.gov.au,Male,63,8/10/2022,,TRUE,$15,Social media
239,Heida,Paladini,hpaladini6m@istockphoto.com,Male,49,6/7/2020,11/11/2018,FALSE,$30,Word of mouth
240,Jeffy,Sugge,jsugge6n@networksolutions.com,Female,84,9/9/2020,2/10/2014,FALSE,$15,Television
241,Keen,Hanna,khanna6o@cbslocal.com,Female,89,1/18/2023,4/12/2017,TRUE,$30,Internet search
242,Conn,Geram,cgeram6p@answers.com,Female,80,2/1/2020,1/7/2022,TRUE,$15,Email newsletter
243,Anni,Simunek,asimunek6q@salon.com,Male,53,11/20/2021,3/21/2016,TRUE,$30,and Other
244,Pierette,Grunwald,pgrunwald6r@usgs.gov,Female,81,3/31/2017,,TRUE,$30,Radio
245,Jenn,Smalecombe,jsmalecombe6s@cloudflare.com,Other,67,4/30/2020,2/3/2015,FALSE,$15,Print media
246,Alikee,Barehead,abarehead6t@yellowpages.com,Other,98,5/24/2017,7/10/2015,TRUE,$60,Television
247,Demetri,Cudiff,dcudiff6u@slideshare.net,Other,27,3/30/2019,9/30/2021,TRUE,$30,Internet search
248,Aurthur,Episcopio,aepiscopio6v@narod.ru,Male,70,3/8/2022,10/11/2023,FALSE,$60,Word of mouth
249,Corbett,Santi,csanti6w@dedecms.com,Male,93,8/16/2021,8/29/2015,FALSE,$15,Event
250,Yuri,Parradye,yparradye6x@google.ca,Female,58,9/26/2021,4/26/2019,TRUE,$60,Social media
251,Sukey,Destouche,sdestouche6y@sakura.ne.jp,Female,82,7/16/2016,9/15/2015,TRUE,$30,Radio
252,Frances,Penddreth,fpenddreth6z@ifeng.com,Male,47,8/11/2016,7/7/2022,FALSE,$60,Print media
253,Packston,Tuley,ptuley70@auda.org.au,Other,61,8/6/2014,11/21/2021,TRUE,$60,Internet search
254,Katerina,Rhule,krhule71@booking.com,Other,80,1/18/2016,10/13/2018,TRUE,$15,Social media
255,Betsey,Palluschek,bpalluschek72@360.cn,Female,75,1/27/2017,10/18/2016,FALSE,$60,Television
256,Rafi,Scheffler,rscheffler73@ycombinator.com,Male,44,2/18/2022,11/26/2020,TRUE,$60,Internet search
257,Bent,Abdey,babdey74@mtv.com,Other,18,9/3/2015,,TRUE,$30,Internet search
258,Daune,Doucette,ddoucette75@washingtonpost.com,Other,20,4/9/2020,11/4/2019,FALSE,$60,Social media
259,Poul,Coiley,pcoiley76@oaic.gov.au,Male,30,1/25/2021,3/31/2022,TRUE,$30,Internet search
260,Celestyn,Crook,ccrook77@mozilla.com,Other,84,2/24/2014,4/27/2017,FALSE,$15,Social media
261,Brad,Edlyn,bedlyn78@networksolutions.com,Female,20,9/6/2023,3/11/2014,FALSE,$60,Radio
262,Beret,Ervin,bervin79@who.int,Male,60,6/30/2018,10/1/2022,FALSE,$30,Event
263,Padraic,Skitt,pskitt7a@bing.com,Other,74,6/3/2020,,TRUE,$30,Radio
264,Maynard,Loutheane,mloutheane7b@devhub.com,Male,96,10/28/2020,2/3/2022,FALSE,$60,Television
265,Shannen,Rickardes,srickardes7c@technorati.com,Female,31,4/4/2016,,FALSE,$30,and Other
266,Gavra,Haquin,ghaquin7d@taobao.com,Female,64,5/8/2019,12/21/2021,TRUE,$15,Word of mouth
267,Clary,Burnup,cburnup7e@globo.com,Other,69,1/10/2014,6/6/2014,TRUE,$30,Event
268,Daryle,Gillard,dgillard7f@list-manage.com,Female,60,6/15/2016,,FALSE,$60,and Other
269,Carol-jean,Raatz,craatz7g@cornell.edu,Female,64,4/24/2014,8/29/2018,FALSE,$30,Print media
270,Row,Pawelec,rpawelec7h@smugmug.com,Male,57,9/26/2019,9/20/2019,FALSE,$15,Radio
271,Pegeen,Moehle,pmoehle7i@theglobeandmail.com,Male,39,2/21/2022,10/16/2022,TRUE,$60,Print media
272,Anabel,Enrrico,aenrrico7j@rediff.com,Male,74,3/25/2023,12/30/2018,TRUE,$15,Television
273,Bryan,Kornousek,bkornousek7k@elpais.com,Other,78,4/24/2017,6/14/2017,TRUE,$15,Advertisement
274,Tiffie,Huxtable,thuxtable7l@aol.com,Other,47,8/10/2014,1/7/2019,FALSE,$30,Internet search
275,Robyn,Kerne,rkerne7m@lycos.com,Female,53,2/12/2020,3/27/2017,FALSE,$15,Advertisement
276,Trude,Selburn,tselburn7n@cnet.com,Female,87,4/9/2018,10/16/2014,TRUE,$60,Social media
277,Sonya,Yakuntzov,syakuntzov7o@huffingtonpost.com,Male,30,5/16/2017,9/16/2015,TRUE,$60,Email newsletter
278,Rustie,Bailiss,rbailiss7p@ucoz.com,Male,43,7/9/2016,11/1/2016,TRUE,$30,Radio
279,Koressa,Urling,kurling7q@ihg.com,Female,50,7/12/2018,6/23/2019,TRUE,$30,Email newsletter
280,Linc,Masson,lmasson7r@europa.eu,Male,37,10/22/2022,,TRUE,$15,Word of mouth
281,Waylen,Hasselby,whasselby7s@businessweek.com,Other,19,12/21/2022,6/6/2023,TRUE,$30,Email newsletter
282,Theodora,Fishburn,tfishburn7t@so-net.ne.jp,Female,68,8/8/2020,,TRUE,$30,Advertisement
283,Brana,Semper,bsemper7u@paypal.com,Female,82,2/14/2016,10/1/2023,TRUE,$30,and Other
284,Greer,Gruczka,ggruczka7v@simplemachines.org,Male,33,5/25/2016,9/7/2022,TRUE,$30,Advertisement
285,Cal,Usmar,cusmar7w@weather.com,Other,34,5/21/2023,,FALSE,$15,Email newsletter
286,Enrichetta,Paling,epaling7x@g.co,Male,24,12/23/2022,12/4/2020,TRUE,$30,Social media
287,Zorah,Standbridge,zstandbridge7y@adobe.com,Other,76,4/14/2020,10/8/2014,TRUE,$30,Advertisement
288,Kit,Abramino,kabramino7z@feedburner.com,Other,39,10/3/2015,11/1/2021,FALSE,$30,Internet search
289,Marian,Daudray,mdaudray80@thetimes.co.uk,Female,82,8/9/2020,12/12/2023,TRUE,$60,Internet search
290,Winn,Bransgrove,wbransgrove81@cisco.com,Male,33,11/18/2015,8/29/2014,TRUE,$30,Print media
291,Brockie,Leftbridge,bleftbridge82@reuters.com,Other,99,10/3/2015,3/13/2018,TRUE,$30,Television
292,Ravid,Widdowfield,rwiddowfield83@alexa.com,Other,88,5/5/2015,2/8/2023,TRUE,$30,Social media
293,Quinn,Robbs,qrobbs84@house.gov,Female,95,6/29/2015,,FALSE,$30,Television
294,Kirstyn,Beckson,kbeckson85@parallels.com,Male,56,9/6/2021,,FALSE,$60,Print media
295,Datha,Stachini,dstachini86@soundcloud.com,Other,31,9/6/2021,4/14/2016,FALSE,$30,Advertisement
296,Yolande,Corser,ycorser87@wix.com,Male,24,6/12/2020,9/29/2021,FALSE,$30,Event
297,Eddy,Adie,eadie88@yellowbook.com,Other,50,9/30/2021,1/1/2024,FALSE,$15,Internet search
298,Trent,Andrin,tandrin89@ucoz.com,Male,22,2/3/2021,2/2/2023,FALSE,$30,Print media
299,Miltie,Razoux,mrazoux8a@taobao.com,Other,34,1/27/2017,4/3/2021,TRUE,$30,Print media
300,Michal,Imlaw,mimlaw8b@mtv.com,Other,99,11/6/2020,2/2/2016,TRUE,$30,Internet search
301,Brandy,Sloyan,bsloyan8c@admin.ch,Other,55,8/7/2018,4/8/2021,TRUE,$30,Internet search
302,Stephana,Pendock,spendock8d@gov.uk,Other,54,11/7/2021,12/18/2020,TRUE,$30,Television
303,Willis,Arrigo,warrigo8e@amazon.co.jp,Female,41,3/20/2022,10/7/2022,TRUE,$30,Television
304,Rodge,Andries,randries8f@drupal.org,Other,57,8/14/2018,11/1/2019,TRUE,$15,Word of mouth
305,Jerrold,Stoad,jstoad8g@tmall.com,Female,88,5/18/2015,8/8/2017,TRUE,$30,and Other
306,Ilsa,Garvey,igarvey8h@engadget.com,Other,33,10/25/2017,,FALSE,$15,Television
307,Dicky,Drought,ddrought8i@army.mil,Other,35,9/19/2018,11/4/2019,TRUE,$60,Advertisement
308,Cazzie,Rohloff,crohloff8j@archive.org,Male,97,7/1/2022,1/31/2016,FALSE,$15,Email newsletter
309,Christyna,Vasic,cvasic8k@state.tx.us,Male,63,2/6/2021,3/28/2017,TRUE,$30,Word of mouth
310,Freeman,Ingman,fingman8l@plala.or.jp,Female,73,4/27/2018,10/13/2020,FALSE,$30,and Other
311,Emily,Meth,emeth8m@moonfruit.com,Female,34,2/23/2019,3/23/2023,FALSE,$15,Email newsletter
312,Mollee,Jemmison,mjemmison8n@reference.com,Other,98,6/15/2018,,TRUE,$60,Radio
313,Lizzy,Reinbech,lreinbech8o@epa.gov,Female,35,5/26/2023,,FALSE,$15,and Other
314,Nana,Phebee,nphebee8p@creativecommons.org,Female,29,1/3/2020,3/15/2020,TRUE,$30,Social media
315,Egon,Rudderham,erudderham8q@domainmarket.com,Other,70,3/9/2015,1/24/2024,TRUE,$60,Word of mouth
316,Jenilee,Keely,jkeely8r@wiley.com,Female,51,3/14/2022,1/26/2019,FALSE,$30,Radio
317,Berget,Dwyr,bdwyr8s@sitemeter.com,Other,52,9/23/2021,2/28/2019,TRUE,$60,Social media
318,Tuesday,McLevie,tmclevie8t@smugmug.com,Female,21,4/13/2014,8/22/2023,TRUE,$30,Event
319,Alicea,Langhor,alanghor8u@sciencedaily.com,Other,30,4/10/2017,,TRUE,$15,and Other
320,Darcee,Beverley,dbeverley8v@cdc.gov,Female,55,11/4/2015,,FALSE,$60,Event
321,Blondie,Pechell,bpechell8w@census.gov,Male,60,5/21/2014,,FALSE,$15,Print media
322,Eddie,Casburn,ecasburn8x@ucla.edu,Other,77,11/6/2019,11/19/2014,TRUE,$30,Social media
323,Jeromy,Donativo,jdonativo8y@imgur.com,Female,72,6/20/2023,2/28/2018,FALSE,$30,Social media
324,Gusti,Lumber,glumber8z@blogger.com,Male,86,4/28/2020,2/16/2016,FALSE,$30,Print media
325,Hetti,Blabey,hblabey90@1688.com,Other,88,1/13/2015,,FALSE,$30,Radio
326,Baily,Beany,bbeany91@google.it,Other,60,7/8/2021,3/23/2019,FALSE,$15,Social media
327,Claudianus,Lehrahan,clehrahan92@sina.com.cn,Other,84,10/26/2017,8/27/2021,FALSE,$60,Television
328,Joye,Padson,jpadson93@sfgate.com,Other,20,3/10/2020,7/28/2017,FALSE,$30,Email newsletter
329,Georas,Humbie,ghumbie94@discuz.net,Female,84,12/5/2018,10/24/2014,FALSE,$60,Radio
330,Ferdinand,Seabert,fseabert95@si.edu,Male,95,4/23/2015,7/29/2019,TRUE,$60,and Other
331,Berton,Domerque,bdomerque96@qq.com,Male,76,3/7/2014,,TRUE,$30,Event
332,Barnabe,Brimilcome,bbrimilcome97@moonfruit.com,Other,62,1/3/2017,11/16/2017,FALSE,$15,Word of mouth
333,Garrard,Merring,gmerring98@imageshack.us,Other,89,12/6/2021,8/27/2016,FALSE,$15,Print media
334,Sal,McMickan,smcmickan99@reuters.com,Other,82,8/9/2017,6/3/2017,TRUE,$60,Word of mouth
335,Lillis,Romeo,lromeo9a@over-blog.com,Other,70,4/27/2017,5/8/2023,FALSE,$30,and Other
336,Loralie,Oldacre,loldacre9b@cnn.com,Male,86,7/27/2022,5/21/2020,FALSE,$15,Radio
337,Hesther,Ailsbury,hailsbury9c@ca.gov,Female,76,11/18/2023,,TRUE,$60,Advertisement
338,Cosmo,McComb,cmccomb9d@patch.com,Male,92,4/3/2021,,TRUE,$30,Television
339,Wylie,Boome,wboome9e@forbes.com,Female,23,7/23/2020,1/12/2015,FALSE,$30,Social media
340,Brandais,Zeal,bzeal9f@networksolutions.com,Female,93,1/14/2018,10/5/2018,FALSE,$60,Email newsletter
341,Gonzales,Trusler,gtrusler9g@arizona.edu,Male,24,1/24/2021,1/31/2019,FALSE,$30,Social media
342,Susy,Tallboy,stallboy9h@spiegel.de,Other,87,1/22/2017,10/22/2016,TRUE,$60,Radio
343,Joelly,Izzett,jizzett9i@ftc.gov,Female,78,9/4/2018,6/5/2023,TRUE,$30,Word of mouth
344,Lucais,Setchell,lsetchell9j@is.gd,Female,72,12/9/2019,,TRUE,$60,Print media
345,Reece,Woodson,rwoodson9k@163.com,Other,75,10/30/2021,11/29/2023,FALSE,$30,Event
346,Leanora,Laraway,llaraway9l@washington.edu,Male,38,1/31/2019,,FALSE,$60,Social media
347,Janetta,Weblin,jweblin9m@sciencedaily.com,Female,31,5/23/2017,3/6/2017,TRUE,$30,Internet search
348,Caria,Brooker,cbrooker9n@pagesperso-orange.fr,Other,65,4/20/2014,10/7/2014,FALSE,$60,Word of mouth
349,Guglielma,McNalley,gmcnalley9o@noaa.gov,Female,72,9/4/2023,9/20/2021,TRUE,$30,and Other
350,Shanan,Herculeson,sherculeson9p@blogtalkradio.com,Female,28,11/2/2018,3/2/2018,FALSE,$60,Social media
351,Caron,Mingo,cmingo9q@umich.edu,Other,92,4/7/2016,1/14/2019,TRUE,$15,Radio
352,Vassily,Hicks,vhicks9r@domainmarket.com,Female,44,8/25/2020,6/11/2017,FALSE,$60,Event
353,Ianthe,Waterdrinker,iwaterdrinker9s@simplemachines.org,Female,18,7/19/2018,3/26/2016,FALSE,$30,and Other
354,Julianne,Rosell,jrosell9t@vkontakte.ru,Other,75,12/30/2018,12/20/2016,TRUE,$60,Radio
355,Perceval,Sutherby,psutherby9u@dedecms.com,Other,71,5/2/2017,6/18/2015,TRUE,$30,Word of mouth
356,Gwynne,Fritschmann,gfritschmann9v@weibo.com,Male,28,1/9/2017,2/17/2022,FALSE,$30,Advertisement
357,Ruthann,Murcott,rmurcott9w@fda.gov,Male,68,9/20/2021,6/27/2022,TRUE,$30,Radio
358,Tamera,Celier,tcelier9x@abc.net.au,Other,73,7/27/2019,9/5/2016,FALSE,$60,Word of mouth
359,Wally,Tolcher,wtolcher9y@va.gov,Male,51,12/4/2014,1/28/2016,TRUE,$30,Word of mouth
360,Renard,Tripp,rtripp9z@prlog.org,Male,47,11/1/2020,9/2/2016,TRUE,$15,Event
361,Franzen,Mackrill,fmackrilla0@symantec.com,Other,47,6/5/2021,7/20/2021,TRUE,$30,Word of mouth
362,Lilli,Valentine,lvalentinea1@newyorker.com,Female,32,6/27/2019,8/26/2021,TRUE,$30,Internet search
363,Barbabra,Gilson,bgilsona2@constantcontact.com,Male,19,1/6/2024,,FALSE,$30,Email newsletter
364,Free,Follit,ffollita3@army.mil,Other,97,6/29/2020,7/15/2019,TRUE,$30,Television
365,Guenna,Gelling,ggellinga4@google.it,Male,84,3/12/2019,6/6/2019,TRUE,$60,Print media
366,Vittoria,Camellini,vcamellinia5@cnet.com,Male,40,6/10/2017,5/30/2022,TRUE,$30,Radio
367,Cirillo,Edge,cedgea6@tinyurl.com,Female,74,1/4/2023,11/26/2017,TRUE,$60,Internet search
368,Monro,D'Aubney,mdaubneya7@sun.com,Female,71,12/2/2022,8/24/2014,FALSE,$15,Radio
369,Arabel,Vyvyan,avyvyana8@spiegel.de,Other,25,11/24/2016,,TRUE,$15,Social media
370,Kirsten,Lefever,klefevera9@mac.com,Male,89,5/27/2018,7/29/2022,TRUE,$30,Internet search
371,Dorri,Paulack,dpaulackaa@barnesandnoble.com,Female,98,8/20/2020,11/21/2020,TRUE,$15,and Other
372,Shanda,Collidge,scollidgeab@geocities.com,Female,61,6/23/2019,9/29/2021,TRUE,$30,Television
373,Alfie,Pinhorn,apinhornac@cdbaby.com,Male,99,11/5/2017,,FALSE,$15,Word of mouth
374,Brigitte,Thomazet,bthomazetad@diigo.com,Other,74,12/23/2021,4/14/2019,TRUE,$60,Word of mouth
375,Sarajane,Ghirigori,sghirigoriae@icq.com,Female,45,10/22/2020,1/31/2020,FALSE,$30,Event
376,Sena,Cracknall,scracknallaf@unesco.org,Female,96,6/24/2022,11/19/2020,FALSE,$30,Social media
377,Dalt,O'Hederscoll,dohederscollag@hud.gov,Female,63,5/31/2021,,FALSE,$60,and Other
378,Ofilia,Nisby,onisbyah@a8.net,Other,90,1/5/2019,,TRUE,$15,Radio
379,Tate,Rodinger,trodingerai@weibo.com,Other,55,7/8/2022,3/27/2015,FALSE,$60,Word of mouth
380,Banky,Pilipyak,bpilipyakaj@cloudflare.com,Male,47,7/4/2021,5/5/2017,FALSE,$15,Word of mouth
381,Oliy,Daventry,odaventryak@acquirethisname.com,Other,76,10/17/2019,,TRUE,$15,Print media
382,Ralina,Currall,rcurrallal@google.com.hk,Other,91,11/22/2018,11/22/2016,TRUE,$30,Email newsletter
383,Salomi,Di Biagio,sdibiagioam@icq.com,Other,79,1/5/2015,12/11/2020,TRUE,$30,Social media
384,Christy,Braybrook,cbraybrookan@hibu.com,Female,60,5/11/2020,12/4/2021,TRUE,$15,Print media
385,Karoly,Delleschi,kdelleschiao@meetup.com,Other,59,3/18/2023,4/10/2017,TRUE,$30,Email newsletter
386,Sadye,Spohr,sspohrap@telegraph.co.uk,Male,92,4/6/2016,1/2/2014,FALSE,$30,Social media
387,Aliza,Loble,alobleaq@cnbc.com,Female,35,7/19/2023,,FALSE,$15,Social media
388,Shay,Wimbridge,swimbridgear@jalbum.net,Male,56,4/9/2017,3/14/2017,FALSE,$15,Email newsletter
389,Kimberli,MacArthur,kmacarthuras@irs.gov,Female,71,11/24/2023,,TRUE,$60,Internet search
390,Law,Vergine,lvergineat@cnn.com,Other,46,3/31/2022,3/13/2018,FALSE,$60,Internet search
391,Ignace,Beszant,ibeszantau@livejournal.com,Female,41,3/5/2018,,TRUE,$15,Email newsletter
392,Maynard,Christofe,mchristofeav@gmpg.org,Male,85,7/19/2016,11/3/2014,TRUE,$15,Word of mouth
393,Andromache,Bottrell,abottrellaw@pcworld.com,Other,79,9/25/2016,,FALSE,$15,Radio
394,Stormi,Gyles,sgylesax@webs.com,Other,27,11/9/2020,11/20/2023,TRUE,$30,Social media
395,Elena,Wickham,ewickhamay@scribd.com,Female,73,11/2/2017,,TRUE,$15,Print media
396,Patric,Clemensen,pclemensenaz@ox.ac.uk,Male,78,10/22/2021,4/22/2021,TRUE,$30,Email newsletter
397,Irma,Andriveau,iandriveaub0@bigcartel.com,Other,97,8/11/2022,9/7/2021,TRUE,$30,Advertisement
398,Haskel,Escalero,hescalerob1@e-recht24.de,Male,25,1/15/2024,6/9/2015,TRUE,$15,Social media
399,Cacilia,Redmille,credmilleb2@xinhuanet.com,Other,21,2/14/2015,,TRUE,$30,Word of mouth
400,Binky,Tippetts,btippettsb3@nydailynews.com,Female,49,12/27/2023,5/30/2022,FALSE,$30,and Other
401,Gussi,Dacombe,gdacombeb4@theguardian.com,Male,59,7/28/2020,,FALSE,$30,Event
402,Eben,Benazet,ebenazetb5@washington.edu,Male,90,1/20/2020,,FALSE,$60,Word of mouth
403,Frank,Pau,fpaub6@epa.gov,Female,59,10/17/2016,,TRUE,$30,Event
404,Margarette,Ennals,mennalsb7@boston.com,Female,27,1/16/2019,2/7/2018,TRUE,$60,Television
405,Hannis,Tams,htamsb8@booking.com,Male,51,8/20/2021,10/20/2021,FALSE,$30,Radio
406,Fayina,Cartmail,fcartmailb9@domainmarket.com,Other,33,10/5/2019,9/18/2018,TRUE,$15,Radio
407,Cross,Bosquet,cbosquetba@tumblr.com,Female,63,11/29/2023,8/31/2017,TRUE,$30,Internet search
408,Felicio,Shefton,fsheftonbb@bbc.co.uk,Male,18,8/5/2022,10/20/2014,TRUE,$15,Internet search
409,Nydia,Pierpoint,npierpointbc@msu.edu,Male,21,10/21/2023,9/3/2021,TRUE,$30,Word of mouth
410,Adolph,Letford,aletfordbd@bizjournals.com,Female,29,4/9/2014,6/2/2021,FALSE,$60,Email newsletter
411,Ivory,De Maine,idemainebe@ifeng.com,Other,68,3/27/2014,8/1/2016,FALSE,$60,Email newsletter
412,Maurene,Elflain,melflainbf@comcast.net,Female,59,3/6/2020,5/23/2014,TRUE,$30,Television
413,Wynn,Sigmund,wsigmundbg@ibm.com,Other,36,1/6/2022,2/21/2017,TRUE,$15,Radio
414,Fairfax,Tassel,ftasselbh@goo.gl,Other,53,1/8/2016,9/6/2018,TRUE,$15,Advertisement
415,Garrik,Blasik,gblasikbi@parallels.com,Male,56,4/22/2019,1/7/2017,TRUE,$30,Television
416,Claudia,Bengoechea,cbengoecheabj@amazon.co.uk,Male,45,8/8/2021,12/31/2023,TRUE,$30,Social media
417,Kinny,Pickford,kpickfordbk@un.org,Other,75,7/16/2017,,FALSE,$30,Email newsletter
418,Adoree,Shadbolt,ashadboltbl@sciencedaily.com,Other,59,11/19/2021,8/1/2015,FALSE,$15,Advertisement
419,Lorianne,Tytterton,ltyttertonbm@yellowpages.com,Female,77,10/10/2016,,FALSE,$60,Advertisement
420,Mariette,Tipler,mtiplerbn@prweb.com,Other,45,5/8/2014,6/8/2015,TRUE,$15,Social media
421,Heriberto,Puttan,hputtanbo@wired.com,Other,94,9/6/2018,12/26/2022,TRUE,$15,Radio
422,Phillipe,Lemoir,plemoirbp@slideshare.net,Female,27,8/6/2018,6/24/2016,TRUE,$30,Radio
423,Mac,Fardo,mfardobq@independent.co.uk,Other,97,1/25/2023,6/7/2014,FALSE,$30,Print media
424,Hiram,Charlin,hcharlinbr@intel.com,Other,57,4/14/2015,6/22/2017,FALSE,$30,Television
425,Malory,Laurens,mlaurensbs@netvibes.com,Other,28,5/8/2022,12/26/2022,FALSE,$15,Email newsletter
426,Mick,Nijs,mnijsbt@simplemachines.org,Male,64,8/9/2016,11/4/2014,TRUE,$30,Email newsletter
427,Corinna,Aggott,caggottbu@columbia.edu,Male,51,12/4/2015,10/21/2019,TRUE,$30,Radio
428,Hilarius,Edgeon,hedgeonbv@usnews.com,Female,98,11/17/2017,,FALSE,$30,Email newsletter
429,Lucio,Tuke,ltukebw@nhs.uk,Male,45,1/23/2023,,TRUE,$30,and Other
430,Kerrie,Kilmister,kkilmisterbx@1und1.de,Male,48,1/23/2014,4/28/2021,FALSE,$30,Radio
431,Ardith,Pizer,apizerby@usnews.com,Male,79,2/8/2021,8/6/2020,FALSE,$30,Television
432,Berrie,Greenhowe,bgreenhowebz@ftc.gov,Male,86,9/13/2022,,TRUE,$15,Social media
433,Llywellyn,Wyd,lwydc0@smugmug.com,Male,33,5/27/2021,,FALSE,$15,Television
434,Marthena,Bowne,mbownec1@opera.com,Male,46,5/11/2023,3/13/2016,FALSE,$15,Event
435,Ardra,Giurio,agiurioc2@home.pl,Other,66,9/11/2015,,FALSE,$15,Social media
436,Benni,Chaundy,bchaundyc3@google.com.au,Male,80,8/24/2015,,FALSE,$60,Print media
437,Melamie,Glayzer,mglayzerc4@theguardian.com,Male,76,5/21/2023,11/24/2023,TRUE,$15,Advertisement
438,Poppy,Hamblington,phamblingtonc5@elpais.com,Other,33,6/30/2015,1/30/2023,FALSE,$30,Print media
439,Izaak,Twitty,itwittyc6@miibeian.gov.cn,Female,40,5/8/2015,12/21/2023,TRUE,$30,Internet search
440,Lesley,Beckers,lbeckersc7@discuz.net,Male,39,5/9/2016,10/17/2017,FALSE,$15,Social media
441,Shaun,Fenlon,sfenlonc8@lulu.com,Other,71,2/23/2019,6/17/2020,FALSE,$30,and Other
442,Katinka,Brewood,kbrewoodc9@4shared.com,Female,31,4/3/2019,7/14/2021,TRUE,$60,Internet search
443,Madelle,Simmans,msimmansca@ft.com,Female,49,4/7/2015,2/19/2017,FALSE,$30,Television
444,Kat,Welland,kwellandcb@webnode.com,Other,53,1/27/2021,7/21/2022,TRUE,$30,Event
445,Keen,Harback,kharbackcc@dedecms.com,Female,94,9/13/2017,12/26/2018,FALSE,$15,Email newsletter
446,Amelina,Bloxsom,abloxsomcd@linkedin.com,Female,95,7/2/2023,8/25/2019,FALSE,$30,Email newsletter
447,Arleen,Spofford,aspoffordce@hexun.com,Female,98,12/28/2021,,TRUE,$60,and Other
448,Alexis,Rickardes,arickardescf@infoseek.co.jp,Male,47,11/23/2016,10/14/2023,TRUE,$60,Radio
449,Lynnett,Allcott,lallcottcg@apple.com,Other,64,9/9/2019,7/23/2019,FALSE,$30,Social media
450,Bessie,Novak,bnovakch@t-online.de,Male,64,8/16/2022,3/29/2020,TRUE,$60,Event
451,Delano,Armstrong,darmstrongci@wsj.com,Male,54,4/17/2020,,FALSE,$30,and Other
452,Rowland,Ceschelli,rceschellicj@addthis.com,Female,28,9/29/2023,10/12/2018,TRUE,$30,Advertisement
453,Lorenzo,Ricioppo,lricioppock@ibm.com,Male,24,7/5/2014,2/18/2015,TRUE,$30,Event
454,Garold,Aisbett,gaisbettcl@google.it,Other,22,10/26/2017,3/7/2020,FALSE,$30,Word of mouth
455,Pattie,Deneve,pdenevecm@addtoany.com,Female,65,9/17/2021,11/24/2016,TRUE,$30,Radio
456,Estevan,Bute,ebutecn@purevolume.com,Female,20,9/5/2019,4/9/2015,FALSE,$60,Print media
457,Cleve,Matthews,cmatthewsco@bigcartel.com,Male,28,3/18/2015,11/22/2023,TRUE,$15,Radio
458,Nickey,Domegan,ndomegancp@cdc.gov,Male,82,6/27/2017,,TRUE,$30,and Other
459,Ysabel,Schonfeld,yschonfeldcq@soundcloud.com,Female,86,9/3/2016,10/4/2021,FALSE,$30,and Other
460,Freeman,Roizn,froizncr@google.ca,Female,89,1/17/2024,3/19/2015,FALSE,$60,Event
461,Nessy,Munson,nmunsoncs@kickstarter.com,Other,42,1/5/2022,12/15/2021,FALSE,$30,Print media
462,Izabel,Dyne,idynect@blinklist.com,Other,82,12/17/2023,,FALSE,$60,Event
463,Jeramey,Aurelius,jaureliuscu@sakura.ne.jp,Female,56,4/27/2021,8/24/2017,TRUE,$30,Advertisement
464,Kessiah,Beaven,kbeavencv@hhs.gov,Other,90,11/23/2020,1/25/2018,TRUE,$15,and Other
465,Karylin,Trimme,ktrimmecw@thetimes.co.uk,Male,54,4/1/2015,3/29/2014,FALSE,$30,Advertisement
466,Miranda,Cartmale,mcartmalecx@salon.com,Male,34,6/24/2014,,FALSE,$30,Television
467,Roz,Rigney,rrigneycy@yahoo.com,Other,29,11/29/2015,8/5/2021,FALSE,$30,Word of mouth
468,Vivien,Tie,vtiecz@aol.com,Male,86,9/27/2023,,TRUE,$30,and Other
469,Jake,Dunabie,jdunabied0@wiley.com,Other,70,1/25/2021,11/21/2021,TRUE,$60,Radio
470,Hillier,Lever,hleverd1@wired.com,Female,95,4/8/2014,3/20/2018,TRUE,$30,Radio
471,Allyce,Berston,aberstond2@umich.edu,Male,65,5/22/2018,7/9/2021,TRUE,$60,and Other
472,Page,Duran,pdurand3@ameblo.jp,Male,21,3/24/2023,8/5/2022,TRUE,$30,Event
473,Lawrence,Adderley,ladderleyd4@uol.com.br,Male,63,11/24/2019,,TRUE,$60,Social media
474,Catharina,Crawley,ccrawleyd5@bravesites.com,Other,19,5/9/2016,3/26/2019,FALSE,$15,Email newsletter
475,Enrique,Brommage,ebrommaged6@ask.com,Female,85,10/7/2017,4/25/2016,TRUE,$60,Word of mouth
476,Delores,Rasp,draspd7@prweb.com,Other,29,6/2/2018,3/30/2019,FALSE,$60,Television
477,Elia,Seilmann,eseilmannd8@etsy.com,Male,39,8/17/2015,10/27/2022,FALSE,$60,Event
478,Freemon,De Carolis,fdecarolisd9@dagondesign.com,Female,79,7/28/2017,,TRUE,$30,and Other
479,Nikolaus,Leyban,nleybanda@mit.edu,Female,58,4/30/2016,6/7/2023,FALSE,$30,Word of mouth
480,Sara,Pritty,sprittydb@clickbank.net,Male,83,4/28/2022,,FALSE,$30,Print media
481,Angelina,Kinnach,akinnachdc@4shared.com,Other,71,11/22/2014,4/19/2014,TRUE,$30,Social media
482,Xylina,Doughton,xdoughtondd@indiegogo.com,Other,22,8/15/2022,1/18/2021,FALSE,$60,Advertisement
483,Nial,Middlehurst,nmiddlehurstde@columbia.edu,Other,91,6/16/2020,8/22/2022,FALSE,$30,Internet search
484,Sherye,Capaldo,scapaldodf@bloomberg.com,Female,35,2/13/2021,7/16/2017,FALSE,$60,Advertisement
485,Nikki,Sambidge,nsambidgedg@mlb.com,Male,48,7/8/2023,,TRUE,$60,Email newsletter
486,Cory,Evreux,cevreuxdh@jiathis.com,Male,44,1/6/2018,10/17/2022,FALSE,$30,Advertisement
487,Cammie,Wilkes,cwilkesdi@zimbio.com,Female,91,11/30/2023,,FALSE,$30,Advertisement
488,Sallyann,Shoard,sshoarddj@businesswire.com,Female,58,9/9/2020,2/26/2015,FALSE,$30,Radio
489,Conchita,Mollen,cmollendk@google.com.br,Male,26,9/7/2017,12/8/2014,FALSE,$30,Advertisement
490,Janaya,Swepson,jswepsondl@census.gov,Other,58,10/4/2019,7/17/2023,FALSE,$30,Event
491,Bax,Crowson,bcrowsondm@netscape.com,Female,63,6/15/2020,,FALSE,$60,Event
492,Winifred,Starmer,wstarmerdn@vimeo.com,Female,21,2/7/2016,6/6/2022,TRUE,$30,and Other
493,Eartha,Rooms,eroomsdo@noaa.gov,Male,77,10/15/2017,,FALSE,$30,Television
494,Buck,Bexon,bbexondp@utexas.edu,Male,22,4/6/2021,10/26/2023,FALSE,$30,Advertisement
495,Cammie,Haydney,chaydneydq@simplemachines.org,Female,76,2/22/2021,10/14/2020,TRUE,$15,Advertisement
496,Mahmoud,Lofty,mloftydr@hatena.ne.jp,Female,20,6/2/2017,3/13/2020,FALSE,$15,and Other
497,Mandie,Halliwell,mhalliwellds@joomla.org,Female,90,1/25/2023,6/18/2021,FALSE,$30,and Other
498,Care,Trill,ctrilldt@about.me,Other,64,2/3/2014,9/27/2017,TRUE,$30,Radio
499,Gabi,McReynold,gmcreynolddu@gov.uk,Female,56,8/16/2017,,FALSE,$60,Social media
500,Joe,Lowdwell,jlowdwelldv@adobe.com,Other,53,8/18/2015,,TRUE,$60,Social media
501,Rafe,Kuzma,rkuzmadw@bluehost.com,Female,82,4/24/2014,7/21/2014,TRUE,$30,Internet search
502,Piotr,Wolfer,pwolferdx@hubpages.com,Male,43,9/13/2014,4/17/2023,FALSE,$15,Print media
503,Fair,Keggins,fkegginsdy@pbs.org,Other,40,6/11/2020,,FALSE,$30,Radio
504,Rosina,Tabourel,rtaboureldz@princeton.edu,Male,67,3/31/2014,,FALSE,$60,Television
505,Georgina,Witard,gwitarde0@adobe.com,Female,21,8/21/2019,,FALSE,$30,Radio
506,Kaitlyn,Battisson,kbattissone1@howstuffworks.com,Female,51,3/27/2019,,TRUE,$15,Radio
507,Franky,Tumulty,ftumultye2@eventbrite.com,Male,79,9/15/2021,,TRUE,$60,Social media
508,Astrid,Pfiffer,apfiffere3@ed.gov,Male,25,11/15/2019,9/24/2019,FALSE,$60,Print media
509,Teresina,Risley,trisleye4@sphinn.com,Other,73,11/19/2016,10/14/2021,TRUE,$30,Internet search
510,Jon,Stannion,jstannione5@blogtalkradio.com,Female,51,1/19/2020,1/29/2020,TRUE,$30,and Other
511,Garrick,Grigor,ggrigore6@networkadvertising.org,Male,84,5/20/2014,5/1/2022,FALSE,$30,Email newsletter
512,Ellissa,Titmus,etitmuse7@mail.ru,Female,73,10/27/2021,10/11/2023,FALSE,$60,Television
513,Maxine,De Lascy,mdelascye8@buzzfeed.com,Female,43,7/10/2017,9/7/2016,TRUE,$30,Word of mouth
514,Halley,Arkwright,harkwrighte9@lulu.com,Other,41,11/23/2016,1/4/2014,TRUE,$60,Social media
515,Alvis,Pardie,apardieea@dedecms.com,Male,44,7/13/2017,,FALSE,$60,Television
516,Karlene,Thunderman,kthundermaneb@tamu.edu,Female,90,6/14/2014,5/2/2014,TRUE,$30,Television
517,Oralle,Lilion,olilionec@prnewswire.com,Female,44,11/4/2016,2/23/2021,TRUE,$30,Print media
518,Arlie,Noddles,anoddlesed@multiply.com,Other,21,8/26/2019,1/20/2023,FALSE,$30,Advertisement
519,Irma,Laidlaw,ilaidlawee@sourceforge.net,Female,63,9/30/2022,3/15/2023,FALSE,$30,Event
520,Francisca,Mish,fmishef@unblog.fr,Female,50,4/13/2017,1/10/2023,FALSE,$15,and Other
521,Torey,Sommer,tsommereg@cyberchimps.com,Male,66,2/6/2018,,FALSE,$60,Television
522,Rosco,Plank,rplankeh@feedburner.com,Female,22,7/28/2014,8/10/2016,TRUE,$30,Event
523,Terrie,Sales,tsalesei@blogtalkradio.com,Other,51,8/22/2023,,TRUE,$30,and Other
524,Dallas,Jewer,djewerej@eepurl.com,Female,31,3/25/2022,7/22/2017,TRUE,$30,Internet search
525,Ezra,Althrop,ealthropek@cdbaby.com,Other,24,12/23/2023,12/1/2023,FALSE,$30,Word of mouth
526,Eberto,Cudd,ecuddel@list-manage.com,Other,22,1/15/2015,10/28/2021,TRUE,$30,Advertisement
527,Faun,Uden,fudenem@devhub.com,Male,74,11/8/2015,7/6/2021,FALSE,$60,Radio
528,Pancho,Stiger,pstigeren@hibu.com,Female,70,4/12/2020,7/11/2023,TRUE,$30,Television
529,Bink,Roger,brogereo@msu.edu,Male,32,3/14/2018,1/10/2024,TRUE,$60,Radio
530,Yolanda,Clack,yclackep@mashable.com,Female,84,12/1/2017,9/25/2018,FALSE,$60,Television
531,Gregg,Byneth,gbynetheq@pcworld.com,Other,91,1/6/2023,8/20/2018,FALSE,$30,Email newsletter
532,Junina,Attack,jattacker@google.com.br,Other,96,6/27/2019,1/24/2023,TRUE,$15,Event
533,Denys,Nettles,dnettleses@nasa.gov,Female,28,12/10/2016,9/26/2016,TRUE,$30,Social media
534,Angel,Allnatt,aallnattet@geocities.jp,Other,69,1/16/2022,6/19/2016,FALSE,$60,Radio
535,Iggie,Cornick,icornickeu@eventbrite.com,Other,90,4/15/2019,,FALSE,$60,Television
536,Teador,Gaiford,tgaifordev@devhub.com,Male,44,11/1/2020,10/2/2016,FALSE,$30,Television
537,Edouard,Macenzy,emacenzyew@alexa.com,Male,87,12/27/2015,,TRUE,$60,Word of mouth
538,Moses,Gianneschi,mgianneschiex@seesaa.net,Other,53,9/2/2018,5/22/2022,FALSE,$30,Email newsletter
539,Ike,Yeowell,iyeowelley@kickstarter.com,Female,29,11/30/2021,,FALSE,$30,Radio
540,Jason,Chatell,jchatellez@omniture.com,Other,83,11/7/2015,5/17/2015,TRUE,$60,Radio
541,Jerrold,Bertome,jbertomef0@seattletimes.com,Female,94,2/4/2021,10/19/2018,FALSE,$60,and Other
542,Garrott,Kulicke,gkulickef1@unesco.org,Female,67,3/11/2023,2/18/2015,TRUE,$30,Advertisement
543,Lorelei,Peerless,lpeerlessf2@cam.ac.uk,Female,70,8/23/2019,3/8/2023,TRUE,$15,Event
544,Ellary,De Lisle,edelislef3@mail.ru,Other,47,8/23/2014,,FALSE,$15,Print media
545,Ed,Boundy,eboundyf4@csmonitor.com,Female,32,10/24/2017,10/10/2021,FALSE,$15,Social media
546,Davida,Lanceley,dlanceleyf5@npr.org,Female,83,1/15/2019,11/20/2020,TRUE,$15,Social media
547,Linnie,Cazin,lcazinf6@youtu.be,Female,56,5/21/2020,,FALSE,$60,Television
548,Vinni,Arens,varensf7@weibo.com,Female,44,2/21/2022,4/19/2023,FALSE,$30,Internet search
549,Benito,Compston,bcompstonf8@mayoclinic.com,Male,40,4/29/2018,2/1/2018,FALSE,$60,Event
550,Ulla,Feechum,ufeechumf9@fc2.com,Female,90,5/19/2023,,TRUE,$60,Email newsletter
551,Vikky,O'Donohue,vodonohuefa@usnews.com,Other,57,1/22/2015,6/4/2018,FALSE,$30,Email newsletter
552,Benedicta,Stabbins,bstabbinsfb@geocities.jp,Other,63,11/23/2017,8/28/2021,FALSE,$15,and Other
553,Roxy,Pasterfield,rpasterfieldfc@ezinearticles.com,Other,51,4/23/2018,3/20/2014,FALSE,$30,Word of mouth
554,Inglebert,Tansley,itansleyfd@reuters.com,Female,41,9/14/2023,5/30/2023,FALSE,$60,and Other
555,Leanora,Parradye,lparradyefe@hubpages.com,Male,98,5/30/2020,,FALSE,$60,Social media
556,Arny,Tasseler,atasselerff@gravatar.com,Female,25,6/29/2020,6/26/2015,TRUE,$60,Social media
557,Melinde,Selman,mselmanfg@chron.com,Female,24,3/9/2021,9/13/2021,FALSE,$30,Word of mouth
558,Emmanuel,Chaperling,echaperlingfh@merriam-webster.com,Male,75,2/17/2022,10/7/2019,FALSE,$30,Word of mouth
559,Caterina,MacRierie,cmacrieriefi@cocolog-nifty.com,Other,95,10/1/2022,2/26/2015,TRUE,$30,Print media
560,Jakie,Shearman,jshearmanfj@fastcompany.com,Female,78,5/4/2015,5/16/2016,TRUE,$15,Event
561,Jocelyn,Fabbro,jfabbrofk@europa.eu,Female,98,8/15/2016,1/18/2024,FALSE,$60,Internet search
562,Bucky,Gammon,bgammonfl@gmpg.org,Female,34,8/26/2018,6/8/2022,FALSE,$30,Email newsletter
563,Melisse,Tidcomb,mtidcombfm@google.com.br,Male,62,2/22/2016,5/21/2015,FALSE,$15,Advertisement
564,Wendell,Cotman,wcotmanfn@51.la,Female,51,11/29/2020,4/11/2021,FALSE,$30,Internet search
565,Laney,Gautrey,lgautreyfo@state.tx.us,Male,75,3/28/2015,12/7/2019,TRUE,$60,Internet search
566,Annissa,Pottell,apottellfp@t.co,Male,65,7/6/2017,4/28/2019,TRUE,$30,Event
567,Piper,Guiett,pguiettfq@cargocollective.com,Other,28,4/12/2018,,TRUE,$30,Television
568,Marcela,Braybrooks,mbraybrooksfr@tiny.cc,Other,65,6/17/2017,7/18/2019,TRUE,$30,Email newsletter
569,Cynthea,Cornock,ccornockfs@latimes.com,Male,86,5/4/2017,5/5/2017,TRUE,$30,Radio
570,Agata,Henriquet,ahenriquetft@quantcast.com,Other,56,7/14/2019,9/20/2018,FALSE,$60,Social media
571,Thornie,McNeil,tmcneilfu@bing.com,Female,54,1/15/2023,,TRUE,$30,Internet search
572,Dacy,Gillyett,dgillyettfv@google.es,Male,45,11/7/2020,1/26/2022,TRUE,$30,Advertisement
573,Adelbert,Flello,aflellofw@adobe.com,Male,37,4/10/2023,6/5/2021,FALSE,$30,Event
574,Roxi,McAllan,rmcallanfx@microsoft.com,Male,95,12/13/2022,,TRUE,$30,Radio
575,Charil,Barreau,cbarreaufy@booking.com,Male,84,9/13/2015,,FALSE,$30,Television
576,Martica,Cuff,mcufffz@desdev.cn,Male,38,3/17/2023,2/23/2022,FALSE,$60,Radio
577,Della,Farreil,dfarreilg0@intel.com,Female,71,11/25/2021,11/13/2023,FALSE,$30,and Other
578,Yves,Slimmon,yslimmong1@networkadvertising.org,Female,53,8/30/2014,,TRUE,$15,Email newsletter
579,Cullen,MacCague,cmaccagueg2@house.gov,Male,34,5/27/2019,1/8/2023,TRUE,$15,Television
580,Bidget,Minchella,bminchellag3@who.int,Female,88,3/21/2017,,FALSE,$60,Print media
581,Eduard,Cardall,ecardallg4@google.nl,Female,33,6/19/2019,7/7/2015,FALSE,$30,Internet search
582,Rodger,Ericssen,rericsseng5@123-reg.co.uk,Male,93,6/13/2023,11/2/2014,TRUE,$15,Internet search
583,Malena,Montilla,mmontillag6@theguardian.com,Male,21,6/24/2016,4/6/2023,FALSE,$30,Social media
584,Chas,Iddons,ciddonsg7@gizmodo.com,Male,89,7/29/2018,1/25/2020,FALSE,$15,and Other
585,Taryn,Ludmann,tludmanng8@jalbum.net,Female,48,12/1/2015,3/19/2022,TRUE,$15,Event
586,Sanderson,Wharrier,swharrierg9@privacy.gov.au,Female,83,9/13/2016,7/14/2022,FALSE,$15,Advertisement
587,Ulrike,Pinxton,upinxtonga@skyrock.com,Female,54,2/13/2021,1/9/2024,FALSE,$15,Television
588,Jemimah,Repp,jreppgb@imgur.com,Other,57,1/3/2014,9/24/2014,FALSE,$30,Advertisement
589,Juliana,Marre,jmarregc@usatoday.com,Other,37,3/5/2016,2/22/2018,TRUE,$30,Event
590,Grove,Cocozza,gcocozzagd@nih.gov,Male,84,11/15/2016,8/14/2017,FALSE,$30,Event
591,Bamby,Manktelow,bmanktelowge@desdev.cn,Other,48,1/17/2019,2/13/2015,TRUE,$30,Print media
592,Sly,Pollett,spollettgf@domainmarket.com,Other,75,11/23/2019,1/14/2022,TRUE,$60,Print media
593,Padraig,Mebius,pmebiusgg@weather.com,Female,53,7/21/2016,10/14/2019,TRUE,$30,Television
594,Ophelie,Bartak,obartakgh@google.com,Female,21,3/23/2023,12/31/2015,TRUE,$30,Advertisement
595,Noak,Gherardesci,ngherardescigi@dyndns.org,Other,46,4/16/2021,4/28/2019,FALSE,$60,Word of mouth
596,Nerty,Plitz,nplitzgj@bloglovin.com,Female,47,6/12/2015,6/18/2021,TRUE,$15,Print media
597,Viv,Bartleman,vbartlemangk@discovery.com,Male,20,12/22/2020,5/6/2019,FALSE,$60,and Other
598,Katti,Checkley,kcheckleygl@weibo.com,Other,84,6/16/2020,11/27/2023,FALSE,$60,Advertisement
599,Ulrike,Pagelsen,upagelsengm@telegraph.co.uk,Male,43,11/19/2023,12/4/2023,FALSE,$30,Email newsletter
600,Lyndy,Fydoe,lfydoegn@facebook.com,Female,83,1/12/2015,5/26/2019,TRUE,$30,Print media
601,Halsey,Prayer,hprayergo@amazon.co.jp,Female,76,10/22/2021,,TRUE,$60,Word of mouth
602,Neill,Lamonby,nlamonbygp@google.fr,Female,92,3/5/2016,,FALSE,$30,Word of mouth
603,Lucy,Berardt,lberardtgq@google.ca,Male,31,5/24/2017,10/12/2019,TRUE,$60,Print media
604,Viva,Bockings,vbockingsgr@craigslist.org,Other,75,9/16/2018,12/4/2019,TRUE,$15,Social media
605,Reagen,McQuirter,rmcquirtergs@tinypic.com,Female,27,6/3/2020,3/19/2019,TRUE,$30,Internet search
606,Faydra,Murton,fmurtongt@friendfeed.com,Female,38,5/23/2016,12/12/2022,TRUE,$60,Word of mouth
607,Orville,Lawford,olawfordgu@go.com,Male,54,8/10/2022,,FALSE,$60,Event
608,Tabb,Treacy,ttreacygv@newsvine.com,Male,33,3/6/2022,,FALSE,$30,Word of mouth
609,Graehme,Putten,gputtengw@gmpg.org,Female,75,10/16/2019,,TRUE,$60,Event
610,Minetta,Sherme,mshermegx@people.com.cn,Female,61,7/3/2016,8/10/2015,FALSE,$15,Radio
611,Maxi,Tebbutt,mtebbuttgy@sourceforge.net,Other,23,6/22/2023,5/26/2022,FALSE,$30,Internet search
612,Mort,Langelay,mlangelaygz@eventbrite.com,Female,34,10/2/2019,7/20/2020,TRUE,$15,Social media
613,Collete,Bonifacio,cbonifacioh0@dailymotion.com,Female,69,7/1/2014,,FALSE,$30,Radio
614,Gracie,Leser,gleserh1@discovery.com,Other,93,12/6/2015,7/22/2015,FALSE,$30,Television
615,Suzanne,Wasson,swassonh2@epa.gov,Female,35,8/9/2023,3/20/2016,FALSE,$60,Radio
616,Kalina,Stoffers,kstoffersh3@hud.gov,Female,27,7/12/2018,10/31/2020,FALSE,$60,Print media
617,Hamil,Parell,hparellh4@dell.com,Male,51,7/10/2020,12/31/2014,TRUE,$30,Internet search
618,Sibby,Kitchenman,skitchenmanh5@mozilla.com,Other,28,3/12/2023,8/9/2016,TRUE,$15,and Other
619,Andee,Wookey,awookeyh6@china.com.cn,Female,30,12/19/2019,2/26/2014,FALSE,$60,Social media
620,Judie,Pendell,jpendellh7@parallels.com,Other,28,8/4/2014,3/18/2017,TRUE,$60,Radio
621,Rudyard,Staten,rstatenh8@usda.gov,Female,98,1/6/2018,,FALSE,$30,Event
622,Silvie,Cavanagh,scavanaghh9@spotify.com,Female,40,3/17/2014,,TRUE,$60,Advertisement
623,Mortimer,Sancto,msanctoha@prlog.org,Female,22,5/27/2014,2/12/2021,FALSE,$15,Radio
624,Quincy,Stocking,qstockinghb@hostgator.com,Other,95,3/22/2016,11/10/2019,TRUE,$30,Word of mouth
625,Mehetabel,Wiggett,mwiggetthc@hubpages.com,Female,89,6/5/2019,8/18/2015,TRUE,$30,Radio
626,Ludovika,Hanney,lhanneyhd@discovery.com,Female,65,9/27/2015,,FALSE,$60,Event
627,Danny,Culver,dculverhe@printfriendly.com,Female,84,4/29/2021,4/18/2014,TRUE,$30,Internet search
628,Salvatore,Guerreau,sguerreauhf@51.la,Female,61,4/26/2021,1/20/2019,FALSE,$30,Word of mouth
629,Rich,Sydenham,rsydenhamhg@wix.com,Female,31,9/19/2017,6/2/2022,FALSE,$30,Radio
630,Dalston,Dendle,ddendlehh@narod.ru,Other,56,8/25/2019,11/7/2020,FALSE,$60,Television
631,Hedda,Bartali,hbartalihi@youtube.com,Female,63,3/11/2019,10/15/2021,FALSE,$30,Radio
632,Lynea,Monteith,lmonteithhj@engadget.com,Female,49,8/26/2018,4/18/2017,TRUE,$15,Email newsletter
633,Mead,Drabble,mdrabblehk@sciencedaily.com,Other,28,2/2/2023,,FALSE,$30,Email newsletter
634,Terence,Beckitt,tbeckitthl@go.com,Other,89,1/19/2016,4/4/2020,TRUE,$30,Internet search
635,Jeniffer,Endersby,jendersbyhm@google.com.au,Other,99,6/8/2021,2/3/2016,TRUE,$60,Television
636,Hyacintha,Ewers,hewershn@nsw.gov.au,Other,39,6/24/2016,,TRUE,$15,Advertisement
637,Retha,Mandrake,rmandrakeho@omniture.com,Male,76,7/3/2023,,FALSE,$30,Social media
638,Fiorenze,Glasspool,fglasspoolhp@cmu.edu,Female,85,2/3/2015,7/6/2018,TRUE,$30,Social media
639,Shaughn,Maxwell,smaxwellhq@pinterest.com,Other,50,10/24/2014,6/15/2019,TRUE,$30,Email newsletter
640,Wyn,Defrain,wdefrainhr@bloomberg.com,Male,37,4/27/2022,1/24/2023,TRUE,$60,Internet search
641,Loralie,Lanchbury,llanchburyhs@multiply.com,Other,29,4/15/2021,4/11/2018,FALSE,$15,Advertisement
642,Maxine,Espinoy,mespinoyht@purevolume.com,Female,49,6/11/2019,,FALSE,$15,Advertisement
643,Tandie,Reggler,tregglerhu@bandcamp.com,Other,28,9/19/2023,4/1/2021,FALSE,$30,Email newsletter
644,Irena,Booler,iboolerhv@google.com.hk,Other,33,11/27/2019,1/24/2020,TRUE,$15,Advertisement
645,Gabi,Hoggetts,ghoggettshw@google.co.uk,Other,39,5/9/2014,,TRUE,$60,Print media
646,Jacynth,O'Dunniom,jodunniomhx@histats.com,Male,26,11/23/2021,4/13/2023,TRUE,$30,Print media
647,Urban,Grimley,ugrimleyhy@imageshack.us,Male,48,5/28/2017,,FALSE,$60,Television
648,Cally,Bover,cboverhz@wired.com,Female,85,1/31/2024,11/3/2019,FALSE,$30,Email newsletter
649,Margaretha,Osbourne,mosbournei0@prweb.com,Male,53,5/25/2023,8/18/2014,FALSE,$30,Social media
650,Ike,Diss,idissi1@sina.com.cn,Female,96,3/5/2021,,FALSE,$15,Print media
651,Obediah,Doniso,odonisoi2@opera.com,Female,82,7/10/2014,,FALSE,$30,Television
652,Patti,Buttrum,pbuttrumi3@slashdot.org,Female,96,6/20/2023,,FALSE,$30,Word of mouth
653,Elvyn,Lernihan,elernihani4@msn.com,Male,38,1/8/2020,10/1/2014,TRUE,$15,Event
654,Catharina,Senecaut,csenecauti5@weebly.com,Female,18,11/11/2016,7/11/2016,TRUE,$60,and Other
655,Ingaborg,Hullett,ihulletti6@example.com,Other,69,6/22/2018,1/3/2022,TRUE,$30,Print media
656,Bron,Ambrosoli,bambrosolii7@ehow.com,Other,61,7/21/2015,6/28/2022,TRUE,$15,Event
657,Glen,Averill,gaverilli8@t.co,Other,41,6/19/2022,5/31/2015,TRUE,$15,Social media
658,Valentine,Dominick,vdominicki9@umn.edu,Other,87,1/5/2024,,FALSE,$60,Social media
659,Gregor,Stoney,gstoneyia@fc2.com,Female,72,2/22/2016,7/21/2019,FALSE,$30,Email newsletter
660,Sayer,Dalgarnowch,sdalgarnowchib@wordpress.org,Female,82,8/20/2018,,FALSE,$15,Email newsletter
661,Cornela,Martugin,cmartuginic@friendfeed.com,Female,73,8/13/2020,,TRUE,$15,Radio
662,Janey,Tonner,jtonnerid@google.com,Other,32,12/17/2022,3/18/2015,FALSE,$60,and Other
663,Ingaborg,Sones,isonesie@chron.com,Female,33,7/16/2014,11/1/2016,FALSE,$15,Event
664,Desi,Sollner,dsollnerif@wordpress.com,Male,18,8/27/2018,,FALSE,$60,Radio
665,Prinz,Wimbridge,pwimbridgeig@qq.com,Male,86,10/15/2016,,TRUE,$30,Advertisement
666,Annaliese,Ewebank,aewebankih@sphinn.com,Male,56,11/25/2020,6/23/2022,FALSE,$30,Print media
667,Birk,Allsupp,ballsuppii@walmart.com,Female,50,10/24/2018,5/12/2022,FALSE,$60,Radio
668,Donnie,Slingsby,dslingsbyij@bloomberg.com,Other,28,5/20/2017,4/13/2019,FALSE,$30,Word of mouth
669,Nevin,Fieldhouse,nfieldhouseik@house.gov,Male,30,4/24/2023,6/25/2021,TRUE,$30,Social media
670,Joachim,Hause,jhauseil@bloglovin.com,Other,43,7/18/2015,12/7/2016,TRUE,$15,Event
671,Trish,Kinnerley,tkinnerleyim@amazon.co.uk,Male,80,2/9/2022,7/19/2021,TRUE,$30,Social media
672,Steffi,Valerius,svaleriusin@hexun.com,Male,68,6/2/2021,12/11/2022,TRUE,$30,Social media
673,Terrel,Nuss,tnussio@pbs.org,Female,99,3/25/2020,6/27/2021,FALSE,$30,Advertisement
674,Brewster,Jeroch,bjerochip@cnet.com,Female,87,9/15/2018,1/14/2016,TRUE,$30,Email newsletter
675,Haskel,Newall,hnewalliq@ed.gov,Female,40,7/26/2016,10/24/2020,TRUE,$30,Advertisement
676,Melissa,Caitlin,mcaitlinir@tamu.edu,Other,88,12/15/2020,11/9/2020,TRUE,$60,Word of mouth
677,Roxanne,Fronek,rfronekis@is.gd,Male,46,7/24/2019,3/29/2019,TRUE,$15,Internet search
678,Elden,Eskrigge,eeskriggeit@meetup.com,Male,49,12/10/2014,12/21/2015,TRUE,$60,Print media
679,Rosina,Iliff,riliffiu@springer.com,Other,58,1/12/2016,8/17/2018,FALSE,$30,Advertisement
680,Genna,Winward,gwinwardiv@dagondesign.com,Female,77,8/13/2014,9/9/2022,TRUE,$60,Radio
681,Glen,Bartleman,gbartlemaniw@issuu.com,Female,92,9/9/2022,10/8/2022,TRUE,$60,Email newsletter
682,Siouxie,Clapson,sclapsonix@cyberchimps.com,Male,80,8/11/2015,9/4/2017,TRUE,$30,Social media
683,Merry,Chippindale,mchippindaleiy@mac.com,Other,99,12/15/2022,6/23/2018,TRUE,$15,Word of mouth
684,Goldy,Andover,gandoveriz@ask.com,Other,41,10/28/2020,5/21/2015,FALSE,$30,Email newsletter
685,Amelina,Kittredge,akittredgej0@washingtonpost.com,Female,45,9/14/2019,,TRUE,$30,Email newsletter
686,Giles,Chopping,gchoppingj1@psu.edu,Female,38,10/27/2016,8/4/2023,FALSE,$30,Email newsletter
687,Dierdre,Dakers,ddakersj2@google.co.uk,Female,39,4/19/2018,,TRUE,$15,and Other
688,Candy,Baiss,cbaissj3@eventbrite.com,Female,72,7/6/2019,,FALSE,$30,Radio
689,Jeno,Montfort,jmontfortj4@comcast.net,Female,59,5/1/2018,4/16/2020,FALSE,$15,Email newsletter
690,Ermina,Kille,ekillej5@twitter.com,Male,64,8/26/2015,1/4/2015,FALSE,$30,and Other
691,Hobart,Gallally,hgallallyj6@oracle.com,Other,20,10/20/2023,2/22/2019,FALSE,$60,Event
692,Charlton,Hannum,channumj7@china.com.cn,Female,29,3/23/2021,2/23/2022,FALSE,$15,Email newsletter
693,Monah,Borland,mborlandj8@bandcamp.com,Other,20,12/14/2015,3/22/2017,FALSE,$60,Email newsletter
694,Dulcia,Inge,dingej9@nba.com,Female,34,12/2/2019,12/3/2014,FALSE,$15,Email newsletter
695,Corabelle,Cribbin,ccribbinja@friendfeed.com,Female,93,5/10/2021,9/8/2023,FALSE,$30,and Other
696,Tobias,Weller,twellerjb@shop-pro.jp,Other,49,8/21/2023,5/3/2018,TRUE,$15,Social media
697,Margarette,Iffland,mifflandjc@youtube.com,Other,49,1/4/2014,5/28/2018,FALSE,$30,Event
698,Stewart,Morrissey,smorrisseyjd@google.de,Male,78,8/17/2017,9/9/2016,TRUE,$30,Event
699,Colas,Robertazzi,crobertazzije@e-recht24.de,Other,86,9/24/2021,9/5/2020,TRUE,$60,Print media
700,Filippa,Paulon,fpaulonjf@blogspot.com,Other,73,4/26/2021,1/19/2015,TRUE,$15,Internet search
701,Ferris,De Benedetti,fdebenedettijg@trellian.com,Male,84,7/23/2018,10/3/2016,TRUE,$30,Advertisement
702,Giorgio,Streeton,gstreetonjh@oracle.com,Other,23,4/23/2020,5/12/2022,FALSE,$30,Event
703,Reggie,Piatek,rpiatekji@earthlink.net,Male,26,2/10/2022,8/12/2019,TRUE,$15,Radio
704,Sheppard,Calver,scalverjj@rediff.com,Female,25,7/14/2018,10/22/2018,TRUE,$60,Email newsletter
705,Carree,Kinsell,ckinselljk@indiegogo.com,Female,98,10/9/2023,5/17/2023,TRUE,$30,Radio
706,Mercy,Twining,mtwiningjl@intel.com,Male,19,4/6/2014,7/20/2023,TRUE,$30,Advertisement
707,Asher,Haberfield,ahaberfieldjm@accuweather.com,Other,42,9/20/2019,12/12/2017,FALSE,$30,Print media
708,Georgi,Braycotton,gbraycottonjn@google.com,Male,28,7/17/2014,3/11/2020,TRUE,$15,Word of mouth
709,Jarrid,Tapenden,jtapendenjo@xing.com,Male,54,5/28/2014,8/13/2018,FALSE,$30,Television
710,Leroy,Mattocks,lmattocksjp@sourceforge.net,Female,29,1/27/2015,,TRUE,$15,Email newsletter
711,Ernesta,Undy,eundyjq@cbslocal.com,Male,80,5/15/2019,4/20/2014,FALSE,$30,and Other
712,Karlee,Butterworth,kbutterworthjr@histats.com,Female,95,5/8/2019,3/22/2016,TRUE,$30,Word of mouth
713,Ame,Escoffier,aescoffierjs@sakura.ne.jp,Other,42,5/8/2022,10/14/2022,TRUE,$15,Social media
714,Fara,Habercham,fhaberchamjt@redcross.org,Other,47,4/7/2015,10/9/2023,FALSE,$30,Radio
715,Carolina,Vinton,cvintonju@techcrunch.com,Other,60,10/4/2020,4/27/2021,FALSE,$30,Advertisement
716,Gabriele,Cadman,gcadmanjv@cnet.com,Other,77,5/2/2020,2/25/2016,TRUE,$30,Event
717,Lief,Murrells,lmurrellsjw@artisteer.com,Other,49,10/3/2021,7/18/2023,FALSE,$15,Word of mouth
718,Marysa,Cassimer,mcassimerjx@privacy.gov.au,Male,70,12/13/2022,9/24/2021,FALSE,$30,Advertisement
719,Edgardo,Goodsall,egoodsalljy@scribd.com,Male,74,1/3/2023,,TRUE,$30,Word of mouth
720,Lief,Edgeworth,ledgeworthjz@hatena.ne.jp,Other,24,7/24/2017,3/9/2018,TRUE,$15,Social media
721,Patrica,Pittle,ppittlek0@icq.com,Other,58,11/10/2017,3/12/2020,FALSE,$15,Social media
722,Saunder,Halse,shalsek1@businesswire.com,Other,19,8/24/2015,9/25/2015,FALSE,$60,Print media
723,Darnell,Grainger,dgraingerk2@facebook.com,Male,27,9/30/2021,3/16/2020,FALSE,$30,Social media
724,Dalia,Legister,dlegisterk3@e-recht24.de,Female,29,2/13/2021,8/18/2020,TRUE,$30,Internet search
725,Sula,Avramov,savramovk4@boston.com,Other,59,12/25/2014,10/1/2021,TRUE,$15,Television
726,Dewitt,Vautre,dvautrek5@hc360.com,Female,22,8/27/2014,,FALSE,$60,Television
727,Hetty,Davison,hdavisonk6@vinaora.com,Male,86,2/2/2017,6/12/2023,TRUE,$60,Print media
728,Shannon,Halbard,shalbardk7@chronoengine.com,Male,58,4/29/2018,3/16/2018,FALSE,$15,Word of mouth
729,Betty,Beebe,bbeebek8@cdc.gov,Male,56,10/25/2023,9/7/2015,TRUE,$60,Radio
730,Sylvester,Mantrip,smantripk9@bizjournals.com,Female,25,4/7/2017,3/5/2023,TRUE,$30,Print media
731,Brandtr,Upex,bupexka@mediafire.com,Other,21,1/1/2024,12/15/2023,TRUE,$30,Word of mouth
732,Nancee,Gosney,ngosneykb@state.tx.us,Other,83,6/10/2023,7/28/2020,TRUE,$30,Email newsletter
733,Hamilton,Ivashinnikov,hivashinnikovkc@craigslist.org,Other,34,9/11/2017,10/10/2021,TRUE,$60,Internet search
734,Darill,Rugg,druggkd@boston.com,Female,21,12/31/2017,,TRUE,$30,Word of mouth
735,Preston,Merigot,pmerigotke@fema.gov,Female,32,6/16/2020,3/22/2015,FALSE,$30,Internet search
736,Sunshine,Duxbarry,sduxbarrykf@hp.com,Female,59,7/19/2016,,TRUE,$15,Television
737,Coleman,Clemmen,cclemmenkg@eepurl.com,Other,48,10/25/2020,12/15/2017,TRUE,$60,Internet search
738,Rebekkah,Ockleshaw,rockleshawkh@nba.com,Female,57,5/13/2019,4/29/2023,FALSE,$60,and Other
739,Jemmie,Manketell,jmanketellki@xing.com,Male,56,12/22/2020,,TRUE,$15,Social media
740,Carny,Heeran,cheerankj@ca.gov,Other,31,9/6/2019,11/27/2022,FALSE,$60,Television
741,Porty,Belden,pbeldenkk@ifeng.com,Female,45,2/12/2018,10/17/2018,TRUE,$30,Radio
742,Markus,Muckersie,mmuckersiekl@earthlink.net,Male,83,2/14/2015,6/16/2016,TRUE,$15,and Other
743,Neda,Lintin,nlintinkm@google.de,Female,48,9/5/2014,3/5/2023,TRUE,$60,Radio
744,Garrik,Meneyer,gmeneyerkn@unc.edu,Female,47,5/29/2022,10/25/2017,FALSE,$30,Email newsletter
745,Osbert,Denington,odeningtonko@mozilla.org,Other,77,9/6/2019,8/3/2014,FALSE,$30,Email newsletter
746,Clare,Karpets,ckarpetskp@nba.com,Female,45,1/15/2021,,FALSE,$60,Print media
747,Lauren,Toghill,ltoghillkq@wikipedia.org,Male,62,5/7/2016,2/28/2014,FALSE,$30,Internet search
748,Hodge,Hadwin,hhadwinkr@last.fm,Male,94,12/2/2019,12/3/2018,FALSE,$30,Print media
749,Syd,Maud,smaudks@sciencedaily.com,Male,44,9/11/2019,8/31/2019,FALSE,$30,Radio
750,Marybelle,Pardew,mpardewkt@pen.io,Female,22,6/6/2016,1/27/2024,TRUE,$60,Print media
751,Gaile,Melton,gmeltonku@abc.net.au,Other,61,12/30/2014,,TRUE,$30,Event
752,Kimberli,Jean,kjeankv@ebay.co.uk,Female,65,10/27/2020,9/13/2017,FALSE,$15,Email newsletter
753,Angelo,Honeyghan,ahoneyghankw@time.com,Female,28,11/23/2023,,TRUE,$30,Social media
754,Danny,Skrines,dskrineskx@cargocollective.com,Male,85,7/27/2020,,TRUE,$30,Internet search
755,Kirsteni,Attwood,kattwoodky@mtv.com,Other,51,10/7/2020,5/31/2019,FALSE,$60,Advertisement
756,Ruddie,Kingsly,rkingslykz@joomla.org,Female,35,9/10/2016,7/4/2023,TRUE,$30,Television
757,Dede,Menco,dmencol0@arstechnica.com,Other,35,5/17/2021,12/29/2022,TRUE,$15,Internet search
758,Chandra,Huitson,chuitsonl1@arizona.edu,Other,44,6/6/2020,,TRUE,$30,and Other
759,Alonzo,Dast,adastl2@diigo.com,Other,87,4/29/2023,6/20/2023,TRUE,$60,Advertisement
760,Margie,De Gowe,mdegowel3@japanpost.jp,Other,98,8/15/2021,8/7/2021,TRUE,$60,Print media
761,Kelbee,MacGilpatrick,kmacgilpatrickl4@wix.com,Other,77,3/8/2015,,TRUE,$30,Radio
762,Orel,Clausson,oclaussonl5@apple.com,Female,93,6/21/2017,2/18/2019,FALSE,$30,Event
763,Cass,Keetch,ckeetchl6@bigcartel.com,Male,42,5/1/2018,4/24/2017,FALSE,$30,Word of mouth
764,Zebulen,Wrintmore,zwrintmorel7@cmu.edu,Other,33,3/16/2023,12/5/2015,FALSE,$30,Print media
765,Tamera,Heeney,theeneyl8@shop-pro.jp,Female,85,5/9/2016,6/10/2016,TRUE,$30,Event
766,Lavinie,Petera,lpeteral9@hc360.com,Male,21,3/1/2014,,TRUE,$30,Email newsletter
767,Almeda,Heller,ahellerla@gizmodo.com,Male,65,2/28/2021,12/11/2022,TRUE,$30,Print media
768,Arlan,Print,aprintlb@skyrock.com,Other,38,6/19/2022,10/24/2015,TRUE,$15,Social media
769,Em,Privett,eprivettlc@ox.ac.uk,Male,58,8/25/2015,,TRUE,$30,and Other
770,Avivah,Saxby,asaxbyld@shareasale.com,Female,81,3/31/2019,8/18/2022,TRUE,$15,Word of mouth
771,Sarah,Wilson,swilsonle@hexun.com,Male,71,5/21/2016,6/3/2023,TRUE,$60,Television
772,Tasia,MacCurley,tmaccurleylf@ovh.net,Other,66,5/14/2019,8/21/2021,TRUE,$60,Event
773,Ashien,Perrot,aperrotlg@123-reg.co.uk,Female,44,6/14/2016,,FALSE,$15,Word of mouth
774,Berna,Aykroyd,baykroydlh@qq.com,Male,44,12/26/2022,12/20/2020,TRUE,$30,and Other
775,De,Milella,dmilellali@geocities.jp,Male,57,9/18/2020,6/5/2018,FALSE,$60,Event
776,Manolo,McKee,mmckeelj@telegraph.co.uk,Female,45,12/28/2014,10/6/2014,TRUE,$30,Internet search
777,Jaye,Boteman,jbotemanlk@phpbb.com,Other,66,12/26/2017,4/7/2018,TRUE,$30,Radio
778,Natty,Knevet,nknevetll@nyu.edu,Male,18,3/15/2016,7/14/2016,FALSE,$60,Television
779,Joana,Kearley,jkearleylm@npr.org,Female,52,10/18/2022,,FALSE,$30,Advertisement
780,Idette,Gostling,igostlingln@weather.com,Female,26,2/10/2019,,TRUE,$30,Email newsletter
781,Jimmie,Hows,jhowslo@nbcnews.com,Female,32,5/5/2020,7/14/2021,TRUE,$30,and Other
782,Kiele,Menpes,kmenpeslp@cmu.edu,Male,47,2/17/2017,5/30/2018,TRUE,$30,Internet search
783,Lambert,Poser,lposerlq@ucsd.edu,Female,89,7/10/2018,6/4/2018,TRUE,$60,Email newsletter
784,Lorenza,Dimitrescu,ldimitresculr@tamu.edu,Female,98,1/26/2017,9/15/2021,FALSE,$30,Print media
785,Elsinore,Hacon,ehaconls@51.la,Other,31,7/17/2020,1/26/2015,FALSE,$15,Word of mouth
786,Swen,Thurlbourne,sthurlbournelt@myspace.com,Female,25,10/7/2014,2/20/2016,FALSE,$60,Social media
787,Joeann,Gehrtz,jgehrtzlu@cdc.gov,Female,47,11/9/2023,3/16/2016,TRUE,$15,Advertisement
788,Kristel,Cantor,kcantorlv@senate.gov,Male,52,9/23/2021,,FALSE,$30,Email newsletter
789,Chloette,Letrange,cletrangelw@usda.gov,Female,98,12/20/2017,5/19/2023,FALSE,$60,Email newsletter
790,Tedmund,Kolak,tkolaklx@techcrunch.com,Other,46,6/3/2022,7/1/2018,TRUE,$30,Event
791,Rozina,McCole,rmccolely@skype.com,Other,67,5/16/2016,1/24/2016,TRUE,$60,Social media
792,Virgie,Sherwood,vsherwoodlz@go.com,Other,77,6/11/2021,9/17/2017,FALSE,$30,Television
793,Gaby,Spencer,gspencerm0@cisco.com,Female,20,4/14/2016,11/3/2023,FALSE,$60,Event
794,Aggi,Dakhov,adakhovm1@joomla.org,Other,81,7/1/2018,5/9/2016,FALSE,$60,and Other
795,Guglielma,Cornall,gcornallm2@ed.gov,Male,40,2/19/2018,,FALSE,$30,and Other
796,Armand,Bagnall,abagnallm3@geocities.jp,Male,82,11/9/2015,9/8/2015,FALSE,$60,Advertisement
797,Onofredo,McWhin,omcwhinm4@uiuc.edu,Male,48,8/15/2021,,FALSE,$30,Radio
798,Ham,Ferrone,hferronem5@vistaprint.com,Other,76,1/12/2021,4/1/2022,TRUE,$30,Social media
799,Lola,Pollack,lpollackm6@bbb.org,Male,48,12/27/2015,8/26/2021,FALSE,$60,Event
800,Jessi,Napolitano,jnapolitanom7@guardian.co.uk,Other,27,1/26/2016,8/22/2019,TRUE,$30,Event
801,Ilene,Tewkesbury,itewkesburym8@noaa.gov,Other,42,11/16/2016,10/11/2022,FALSE,$15,Radio
802,Beniamino,Trevains,btrevainsm9@ox.ac.uk,Female,32,4/13/2014,7/11/2015,FALSE,$15,Print media
803,Annette,Flockhart,aflockhartma@bloglovin.com,Male,94,12/21/2016,,FALSE,$60,Television
804,Helge,Goodred,hgoodredmb@clickbank.net,Other,72,10/3/2018,5/13/2017,TRUE,$30,Advertisement
805,Bailey,Dominique,bdominiquemc@lulu.com,Other,18,7/23/2015,,FALSE,$30,and Other
806,Molly,Hissett,mhissettmd@google.co.jp,Male,90,8/20/2022,9/29/2018,FALSE,$30,Social media
807,Clea,Purchase,cpurchaseme@wikipedia.org,Male,21,2/24/2017,9/21/2019,FALSE,$60,and Other
808,Ruprecht,Perllman,rperllmanmf@amazon.com,Female,42,11/12/2020,5/22/2017,TRUE,$15,and Other
809,Carlynne,Galton,cgaltonmg@princeton.edu,Male,24,10/5/2015,5/26/2015,FALSE,$60,Word of mouth
810,Phebe,Gillions,pgillionsmh@java.com,Other,78,7/20/2020,,FALSE,$15,Word of mouth
811,Geralda,Mumbey,gmumbeymi@patch.com,Male,69,6/23/2017,9/2/2017,TRUE,$15,Television
812,Rosalyn,Connor,rconnormj@usatoday.com,Female,94,8/7/2016,5/29/2020,FALSE,$60,Word of mouth
813,Sherman,Nelthorpe,snelthorpemk@privacy.gov.au,Female,21,8/9/2019,,TRUE,$15,Event
814,Camila,Evason,cevasonml@trellian.com,Female,38,12/31/2014,,TRUE,$30,Event
815,Margalo,Di Filippo,mdifilippomm@constantcontact.com,Other,73,1/25/2021,,FALSE,$30,Advertisement
816,Erl,Dymoke,edymokemn@ustream.tv,Male,83,9/3/2017,10/6/2020,FALSE,$15,Radio
817,Fancy,Rotge,frotgemo@cisco.com,Other,23,1/28/2017,9/7/2018,TRUE,$15,Word of mouth
818,Stacy,Lorie,sloriemp@cnet.com,Female,43,10/18/2015,4/1/2020,TRUE,$30,Television
819,Aldridge,Assender,aassendermq@wufoo.com,Male,46,9/25/2014,7/10/2015,TRUE,$30,Internet search
820,Zabrina,Ginger,zgingermr@harvard.edu,Male,50,1/7/2019,11/29/2019,TRUE,$60,Print media
821,Melody,Scotchmoor,mscotchmoorms@archive.org,Male,58,5/6/2014,7/26/2022,FALSE,$30,Social media
822,Kamila,Prynne,kprynnemt@netvibes.com,Male,42,10/29/2017,7/10/2021,FALSE,$30,Internet search
823,Nerita,Colthard,ncolthardmu@google.ru,Other,56,9/17/2014,,TRUE,$30,Internet search
824,Celestyn,Sherrocks,csherrocksmv@nbcnews.com,Female,71,9/8/2022,,FALSE,$15,Advertisement
825,Lola,Norvel,lnorvelmw@ucoz.com,Female,97,4/11/2020,,TRUE,$30,Event
826,Early,Rosenvasser,erosenvassermx@usda.gov,Male,23,1/30/2018,3/24/2018,FALSE,$60,and Other
827,Alessandro,Muggeridge,amuggeridgemy@cornell.edu,Other,67,5/6/2020,9/29/2015,TRUE,$15,Word of mouth
828,Bil,Tarburn,btarburnmz@aol.com,Male,61,1/20/2021,3/17/2023,TRUE,$15,Word of mouth
829,Raina,Lanchester,rlanchestern0@e-recht24.de,Other,90,11/18/2019,6/6/2023,FALSE,$60,Internet search
830,Ramsey,Sante,rsanten1@diigo.com,Female,49,12/4/2021,8/20/2014,TRUE,$15,Print media
831,Yancey,Chester,ychestern2@theglobeandmail.com,Other,63,9/11/2014,7/16/2023,FALSE,$60,Email newsletter
832,Lothario,Bartrap,lbartrapn3@delicious.com,Other,26,9/15/2014,,TRUE,$30,Internet search
833,Felicle,Wetheril,fwetheriln4@umich.edu,Female,36,1/28/2024,7/11/2019,FALSE,$60,Print media
834,Britteny,Sliman,bslimann5@cmu.edu,Other,60,2/8/2014,,FALSE,$60,Print media
835,Lemmie,Gonzalo,lgonzalon6@jugem.jp,Male,86,2/8/2021,3/21/2022,TRUE,$30,Event
836,Tabb,Broadbridge,tbroadbridgen7@reverbnation.com,Male,98,12/9/2014,12/24/2015,FALSE,$30,Internet search
837,Nissie,McDowell,nmcdowelln8@163.com,Male,74,12/12/2017,10/9/2014,FALSE,$30,Television
838,Erika,Boldt,eboldtn9@squidoo.com,Male,49,10/30/2020,1/10/2024,FALSE,$30,Internet search
839,Kippy,Schnitter,kschnitterna@xinhuanet.com,Male,27,5/7/2015,4/8/2015,FALSE,$30,Radio
840,Carlin,Mooney,cmooneynb@surveymonkey.com,Other,52,11/7/2020,,FALSE,$60,Internet search
841,Dina,Salthouse,dsalthousenc@desdev.cn,Male,72,1/25/2017,9/12/2023,TRUE,$60,Word of mouth
842,Charlie,McCulloch,cmccullochnd@shop-pro.jp,Male,38,7/22/2019,11/27/2016,FALSE,$30,Email newsletter
843,Wren,Brightling,wbrightlingne@weebly.com,Female,72,9/22/2021,6/3/2018,FALSE,$30,Advertisement
844,Stefano,Culley,sculleynf@hexun.com,Female,57,9/8/2019,1/17/2021,TRUE,$30,Event
845,Nerissa,Sneden,nsnedenng@nbcnews.com,Other,97,11/27/2020,5/23/2020,TRUE,$30,Event
846,Gerhardine,Baton,gbatonnh@moonfruit.com,Other,57,11/17/2021,12/15/2020,TRUE,$60,Print media
847,Dillon,Paulucci,dpauluccini@businesswire.com,Female,19,1/30/2022,12/30/2014,TRUE,$15,Television
848,Rochell,Rubie,rrubienj@netscape.com,Other,68,5/20/2019,12/11/2022,TRUE,$60,Event
849,Eleonora,Garbott,egarbottnk@constantcontact.com,Other,77,6/22/2017,1/24/2017,TRUE,$30,Print media
850,Cilka,Groome,cgroomenl@de.vu,Male,30,12/16/2020,3/26/2016,TRUE,$15,Social media
851,Matteo,Ebbles,mebblesnm@multiply.com,Male,67,10/25/2022,8/28/2022,FALSE,$30,Word of mouth
852,Sadella,Frankcombe,sfrankcombenn@friendfeed.com,Female,34,1/14/2015,12/10/2019,FALSE,$15,Advertisement
853,Gretchen,Geraldi,ggeraldino@cnet.com,Male,91,8/25/2022,11/19/2017,TRUE,$15,Email newsletter
854,Arny,Djorevic,adjorevicnp@bizjournals.com,Male,64,10/8/2022,12/24/2020,FALSE,$30,Advertisement
855,Barrett,Houldcroft,bhouldcroftnq@bloglovin.com,Female,41,1/18/2017,11/11/2022,TRUE,$15,and Other
856,Nettie,Halvosen,nhalvosennr@shareasale.com,Female,56,12/27/2019,11/7/2014,TRUE,$30,Television
857,Alic,Tonks,atonksns@miitbeian.gov.cn,Other,93,2/26/2019,,FALSE,$60,Advertisement
858,Mic,Jumeau,mjumeaunt@sbwire.com,Female,54,12/12/2019,12/2/2016,TRUE,$60,Event
859,Ive,McKerrow,imckerrownu@earthlink.net,Male,26,7/12/2022,5/8/2017,TRUE,$15,Radio
860,Guillemette,McCroft,gmccroftnv@jimdo.com,Other,73,7/17/2023,5/30/2016,TRUE,$15,and Other
861,Gael,Dumbelton,gdumbeltonnw@delicious.com,Male,63,5/28/2017,,TRUE,$30,Word of mouth
862,Yulma,Skentelbury,yskentelburynx@yelp.com,Female,82,11/18/2017,5/5/2019,TRUE,$15,Internet search
863,Becki,Twitchings,btwitchingsny@de.vu,Female,72,7/15/2017,,FALSE,$30,Word of mouth
864,Brent,Westby,bwestbynz@yellowbook.com,Other,25,9/10/2014,,FALSE,$30,Advertisement
865,Corney,Maggi,cmaggio0@illinois.edu,Other,68,2/22/2020,,FALSE,$15,Advertisement
866,Judi,Fitt,jfitto1@artisteer.com,Female,26,2/10/2023,4/5/2018,FALSE,$60,Print media
867,Jasun,Emblow,jemblowo2@shop-pro.jp,Female,64,1/8/2024,,FALSE,$15,Advertisement
868,Christoper,Lowless,clowlesso3@newyorker.com,Male,45,1/10/2016,,TRUE,$60,Print media
869,Catlaina,Abyss,cabysso4@cnbc.com,Female,55,12/29/2017,10/13/2014,FALSE,$60,Email newsletter
870,Keene,Titterington,ktitteringtono5@shinystat.com,Male,43,1/2/2019,7/19/2019,TRUE,$30,Print media
871,Ulrikaumeko,O'Doohaine,uodoohaineo6@icio.us,Male,56,4/8/2014,,FALSE,$30,Radio
872,Keene,Tatem,ktatemo7@behance.net,Female,77,12/24/2015,10/23/2023,TRUE,$30,Radio
873,Ray,Broszkiewicz,rbroszkiewiczo8@ca.gov,Female,40,3/5/2016,11/2/2021,FALSE,$60,Television
874,Trever,Somers,tsomerso9@ocn.ne.jp,Male,65,3/28/2020,7/21/2018,TRUE,$30,Email newsletter
875,Franny,Danhel,fdanheloa@yahoo.co.jp,Female,73,4/18/2022,8/23/2019,FALSE,$30,Radio
876,Delmar,Coslitt,dcoslittob@ihg.com,Female,31,8/31/2016,9/28/2018,TRUE,$30,Event
877,Selene,Itshak,sitshakoc@google.de,Male,56,11/4/2023,4/6/2022,FALSE,$15,Advertisement
878,Colin,Langthorn,clangthornod@vistaprint.com,Male,26,9/18/2021,3/18/2015,FALSE,$30,Internet search
879,Hilarius,Scedall,hscedalloe@google.de,Other,92,4/22/2023,10/1/2018,FALSE,$15,Advertisement
880,Stefania,Overell,soverellof@harvard.edu,Male,51,5/3/2019,1/21/2014,TRUE,$30,and Other
881,Blisse,Tremblett,btremblettog@squidoo.com,Male,33,2/11/2023,,TRUE,$15,Radio
882,Gordie,Jorgesen,gjorgesenoh@loc.gov,Other,98,7/22/2020,12/13/2018,TRUE,$15,Social media
883,Oberon,Bruggen,obruggenoi@illinois.edu,Other,21,3/5/2017,11/9/2018,TRUE,$60,Print media
884,Ilyssa,Costelow,icostelowoj@telegraph.co.uk,Other,54,9/26/2018,9/2/2023,TRUE,$30,Word of mouth
885,Winifield,Gorusso,wgorussook@stanford.edu,Male,31,3/1/2015,7/10/2014,FALSE,$60,Print media
886,Adena,Mulvenna,amulvennaol@google.de,Female,20,9/24/2022,7/11/2021,TRUE,$60,Print media
887,Frank,Guppey,fguppeyom@psu.edu,Female,73,5/31/2020,5/2/2017,FALSE,$30,Radio
888,Elsey,Velte,evelteon@squidoo.com,Male,77,11/14/2023,11/14/2018,TRUE,$15,Social media
889,Bruno,Carlens,bcarlensoo@cbsnews.com,Other,91,9/22/2014,9/5/2022,FALSE,$30,Social media
890,Bamby,Aitken,baitkenop@google.it,Male,58,2/21/2015,7/24/2020,TRUE,$30,Advertisement
891,Vanni,Huxster,vhuxsteroq@wiley.com,Other,27,11/6/2020,,FALSE,$15,Email newsletter
892,Dorian,Bazeley,dbazeleyor@businesswire.com,Male,87,2/19/2017,6/19/2016,TRUE,$30,Word of mouth
893,Nara,Janczyk,njanczykos@adobe.com,Other,26,2/1/2020,4/9/2019,FALSE,$30,and Other
894,Durante,Medley,dmedleyot@illinois.edu,Female,69,9/14/2016,5/25/2022,TRUE,$15,Television
895,Judye,Dinis,jdinisou@ameblo.jp,Female,77,3/26/2021,8/27/2020,TRUE,$15,Advertisement
896,Josee,Cornau,jcornauov@amazon.co.uk,Female,35,11/16/2022,7/14/2021,FALSE,$15,Print media
897,Paquito,Yegorovnin,pyegorovninow@ucsd.edu,Male,61,11/2/2014,4/21/2015,FALSE,$30,Word of mouth
898,Lynette,Putman,lputmanox@sogou.com,Female,63,9/15/2019,8/23/2019,TRUE,$30,Event
899,Jasmina,Strelitzki,jstrelitzkioy@google.pl,Male,23,4/9/2021,2/16/2022,TRUE,$60,Social media
900,Eric,Francais,efrancaisoz@hatena.ne.jp,Female,44,11/15/2022,,TRUE,$15,Internet search
901,Elga,Minet,eminetp0@indiatimes.com,Other,90,8/21/2016,9/21/2014,FALSE,$15,Television
902,Tiena,Navarre,tnavarrep1@surveymonkey.com,Male,89,3/2/2022,12/31/2020,FALSE,$30,and Other
903,Ann-marie,Fairall,afairallp2@ovh.net,Other,99,2/1/2022,7/14/2022,FALSE,$15,Word of mouth
904,Germayne,Stukings,gstukingsp3@booking.com,Female,69,4/22/2018,2/19/2020,FALSE,$15,Internet search
905,Virgil,Bilovus,vbilovusp4@instagram.com,Male,98,12/12/2020,8/24/2018,FALSE,$30,Television
906,Vale,Dauby,vdaubyp5@sciencedaily.com,Female,69,10/1/2015,6/4/2018,TRUE,$60,Word of mouth
907,Cullie,Radbone,cradbonep6@chicagotribune.com,Female,98,4/2/2022,5/30/2021,FALSE,$60,Event
908,Barbra,Rabbitts,brabbittsp7@blog.com,Other,75,4/27/2014,9/7/2018,FALSE,$60,Email newsletter
909,Chantal,Ellesmere,cellesmerep8@boston.com,Other,80,2/26/2014,1/21/2018,FALSE,$30,Event
910,Lowe,Klosser,lklosserp9@abc.net.au,Female,46,11/22/2018,,TRUE,$60,Print media
911,Leonora,Lucken,lluckenpa@sbwire.com,Female,39,9/11/2022,2/15/2020,TRUE,$30,Advertisement
912,Brinn,Dubarry,bdubarrypb@opensource.org,Male,41,7/23/2019,5/22/2014,FALSE,$15,Email newsletter
913,Stanislaw,Bushe,sbushepc@comsenz.com,Male,95,9/5/2015,11/10/2018,TRUE,$30,and Other
914,Tana,Dominec,tdominecpd@printfriendly.com,Other,27,1/20/2024,1/15/2016,TRUE,$15,Print media
915,Leanora,Bynert,lbynertpe@slashdot.org,Other,64,10/24/2023,6/23/2022,TRUE,$30,Email newsletter
916,Dela,Hartgill,dhartgillpf@yellowbook.com,Other,35,6/16/2020,7/8/2018,FALSE,$30,Advertisement
917,Mikey,Bandy,mbandypg@123-reg.co.uk,Female,37,8/17/2015,3/24/2016,FALSE,$30,Radio
918,Crin,Bosward,cboswardph@mapquest.com,Female,19,6/27/2021,5/6/2014,FALSE,$30,and Other
919,Cullen,Firsby,cfirsbypi@nationalgeographic.com,Other,28,4/23/2021,9/29/2014,TRUE,$30,Social media
920,Genny,Magill,gmagillpj@paypal.com,Female,40,4/15/2016,8/30/2019,FALSE,$30,Print media
921,Lem,Huckett,lhuckettpk@microsoft.com,Other,78,5/21/2015,,FALSE,$15,Internet search
922,Guglielmo,Roches,grochespl@blogs.com,Female,97,7/18/2017,7/12/2017,FALSE,$30,Television
923,Guido,Frith,gfrithpm@craigslist.org,Female,29,10/2/2019,7/13/2022,FALSE,$60,Event
924,Avrom,Bienvenu,abienvenupn@netvibes.com,Female,18,11/28/2015,7/16/2019,TRUE,$30,Event
925,Brit,Badsworth,bbadsworthpo@163.com,Other,43,5/12/2020,5/15/2015,FALSE,$15,Print media
926,Ardenia,Ucchino,aucchinopp@statcounter.com,Male,19,2/18/2023,6/6/2017,FALSE,$30,Internet search
927,Upton,Rafter,urafterpq@last.fm,Male,24,9/3/2015,9/4/2021,FALSE,$60,Advertisement
928,Hi,Rosengarten,hrosengartenpr@princeton.edu,Other,48,4/16/2021,,TRUE,$60,Radio
929,Rafaelita,Giovannazzi,rgiovannazzips@abc.net.au,Female,67,12/4/2015,12/25/2014,FALSE,$30,Word of mouth
930,Kenny,Hallan,khallanpt@huffingtonpost.com,Female,83,2/5/2014,,TRUE,$60,Word of mouth
931,Abbye,Brolan,abrolanpu@tamu.edu,Male,30,12/23/2014,12/12/2021,FALSE,$30,Print media
932,Braden,Reisen,breisenpv@yellowpages.com,Male,63,4/10/2015,6/18/2017,FALSE,$60,Advertisement
933,Mitchel,Pizzey,mpizzeypw@stumbleupon.com,Female,37,9/8/2014,10/10/2020,FALSE,$30,Television
934,Sibley,Eick,seickpx@google.cn,Other,35,8/21/2020,2/2/2014,TRUE,$30,Social media
935,Lurette,Pohlke,lpohlkepy@rambler.ru,Female,62,2/3/2016,11/22/2018,TRUE,$30,Social media
936,Meier,Huxter,mhuxterpz@sun.com,Female,42,10/25/2020,11/9/2022,TRUE,$30,Print media
937,Abran,Jacob,ajacobq0@amazon.de,Female,25,6/1/2020,6/2/2020,TRUE,$30,Event
938,Yorke,Weekly,yweeklyq1@imgur.com,Female,85,11/4/2021,,TRUE,$15,Social media
939,Renata,Ferns,rfernsq2@utexas.edu,Male,91,1/22/2016,1/14/2015,TRUE,$15,Event
940,Barbara-anne,McCartney,bmccartneyq3@nyu.edu,Other,29,5/6/2020,5/4/2019,FALSE,$30,Social media
941,Josiah,O'Downe,jodowneq4@economist.com,Male,77,4/29/2014,,TRUE,$15,Radio
942,Carol,Morforth,cmorforthq5@ihg.com,Other,31,7/23/2014,12/23/2019,FALSE,$30,Email newsletter
943,Carling,Robbey,crobbeyq6@purevolume.com,Female,86,12/21/2016,1/3/2017,FALSE,$60,Print media
944,Greer,Borgne,gborgneq7@desdev.cn,Male,85,6/24/2023,,TRUE,$60,Social media
945,Aridatha,MacFayden,amacfaydenq8@github.io,Other,27,7/5/2022,,FALSE,$30,Internet search
946,Bibby,Hyder,bhyderq9@delicious.com,Male,88,1/17/2016,,FALSE,$60,Social media
947,Mariellen,Meert,mmeertqa@parallels.com,Other,90,1/16/2021,,TRUE,$60,Internet search
948,Brandyn,Damerell,bdamerellqb@theatlantic.com,Female,40,8/10/2016,11/17/2016,TRUE,$30,Word of mouth
949,Humfrid,Nannizzi,hnannizziqc@nasa.gov,Male,87,7/7/2018,1/5/2023,FALSE,$15,Advertisement
950,Lonnie,Wildey,lwildeyqd@timesonline.co.uk,Female,34,2/26/2021,12/15/2023,FALSE,$15,Advertisement
951,Milicent,Dunbabin,mdunbabinqe@nps.gov,Other,25,10/21/2020,12/14/2020,TRUE,$30,Print media
952,Kliment,Parzis,kparzisqf@github.com,Male,99,5/24/2020,1/12/2018,FALSE,$15,Social media
953,Craggie,Gates,cgatesqg@hugedomains.com,Female,48,1/8/2014,3/2/2014,FALSE,$30,Word of mouth
954,Kennie,Starzaker,kstarzakerqh@va.gov,Male,83,8/15/2015,2/19/2014,TRUE,$15,Word of mouth
955,Chrysler,Bloan,cbloanqi@noaa.gov,Other,73,10/17/2022,,FALSE,$60,Email newsletter
956,Dore,Konertz,dkonertzqj@yandex.ru,Male,26,9/7/2021,10/24/2014,TRUE,$30,Social media
957,Ilyse,Conti,icontiqk@usatoday.com,Other,87,1/7/2022,5/29/2023,FALSE,$15,Event
958,Gene,Manass,gmanassql@edublogs.org,Male,91,10/30/2016,11/30/2021,TRUE,$30,Television
959,Dorena,Hylands,dhylandsqm@blogspot.com,Male,60,2/20/2014,7/29/2014,FALSE,$15,Television
960,Thornie,Yeowell,tyeowellqn@i2i.jp,Female,29,6/30/2020,7/29/2021,FALSE,$15,Radio
961,Alla,Galletly,agalletlyqo@dailymotion.com,Other,34,7/13/2021,,FALSE,$15,and Other
962,Adriena,Paxeford,apaxefordqp@pinterest.com,Male,25,5/26/2014,11/11/2023,TRUE,$30,Word of mouth
963,Gherardo,Emps,gempsqq@msn.com,Female,81,11/14/2020,3/8/2014,TRUE,$30,Event
964,Tara,Blacksland,tblackslandqr@ca.gov,Female,44,10/27/2023,,TRUE,$60,Word of mouth
965,Toby,Lambourn,tlambournqs@t-online.de,Male,28,7/17/2021,11/13/2023,TRUE,$60,Television
966,Wright,Beckers,wbeckersqt@storify.com,Male,39,1/3/2021,1/29/2024,TRUE,$60,Print media
967,Clark,Baldree,cbaldreequ@squidoo.com,Other,23,12/30/2021,,TRUE,$15,Internet search
968,Byrann,Scatchar,bscatcharqv@acquirethisname.com,Male,81,7/12/2021,10/15/2017,FALSE,$60,Social media
969,Mary,Mathie,mmathieqw@hibu.com,Female,36,7/10/2014,2/25/2021,TRUE,$60,Radio
970,Parsifal,Swayne,pswayneqx@bloglovin.com,Other,60,9/4/2022,6/24/2023,TRUE,$15,Email newsletter
971,Mandi,Tulk,mtulkqy@cnbc.com,Male,35,9/25/2019,3/24/2019,FALSE,$30,Internet search
972,Stanfield,Beevor,sbeevorqz@sciencedaily.com,Other,73,5/8/2022,12/9/2022,TRUE,$15,Radio
973,Sheila,Scholl,sschollr0@taobao.com,Other,54,10/2/2023,1/3/2015,TRUE,$30,Email newsletter
974,Jerrilyn,Booty,jbootyr1@buzzfeed.com,Male,25,11/24/2020,5/26/2018,FALSE,$30,Print media
975,Ronica,Feavearyear,rfeavearyearr2@amazonaws.com,Other,27,2/26/2014,,TRUE,$15,Event
976,Moreen,Harral,mharralr3@state.tx.us,Male,45,3/12/2020,,TRUE,$30,Advertisement
977,Marta,Hutcheons,mhutcheonsr4@discovery.com,Male,65,10/15/2016,,TRUE,$30,Advertisement
978,Chet,Jeckell,cjeckellr5@cnbc.com,Male,77,1/26/2015,6/17/2016,FALSE,$15,Radio
979,Wilmar,Skeats,wskeatsr6@liveinternet.ru,Other,41,2/18/2022,,FALSE,$15,Social media
980,Dyane,Plues,dpluesr7@apple.com,Male,20,10/20/2023,3/30/2015,FALSE,$30,Event
981,Katharine,Howsam,khowsamr8@behance.net,Female,38,6/12/2017,8/13/2020,FALSE,$15,Internet search
982,Talyah,Sutherden,tsutherdenr9@yolasite.com,Other,31,12/5/2018,,TRUE,$60,Email newsletter
983,Lefty,Teffrey,lteffreyra@home.pl,Female,96,2/23/2019,6/22/2014,TRUE,$15,Event
984,Jere,Perrett,jperrettrb@illinois.edu,Female,78,5/17/2021,6/5/2023,FALSE,$15,Word of mouth
985,Gladi,Kleinzweig,gkleinzweigrc@dailymotion.com,Other,43,10/21/2021,3/15/2022,TRUE,$60,and Other
986,Wayland,Sitford,wsitfordrd@slideshare.net,Male,99,7/22/2016,,FALSE,$30,Television
987,Ian,Loney,iloneyre@topsy.com,Female,61,9/11/2018,1/8/2023,FALSE,$30,Email newsletter
988,Brooke,Emerine,bemerinerf@photobucket.com,Male,56,3/31/2014,10/26/2021,TRUE,$30,Print media
989,Rhys,Whates,rwhatesrg@eventbrite.com,Male,22,5/19/2016,,TRUE,$60,Television
990,Tonye,Eglin,teglinrh@gizmodo.com,Female,24,2/17/2017,,TRUE,$60,Internet search
991,Emeline,Allbones,eallbonesri@friendfeed.com,Female,86,3/10/2014,1/13/2018,TRUE,$30,Radio
992,Cristen,Ackred,cackredrj@slate.com,Other,52,1/21/2023,,TRUE,$30,Advertisement
993,Ilysa,Wimlet,iwimletrk@wunderground.com,Male,28,12/6/2021,11/30/2021,TRUE,$30,Word of mouth
994,Royce,Carruth,rcarruthrl@illinois.edu,Other,84,12/3/2023,,TRUE,$30,Television
995,Haley,Pencot,hpencotrm@java.com,Female,49,5/4/2014,7/22/2023,TRUE,$30,Event
996,Elonore,Kitchingman,ekitchingmanrn@fastcompany.com,Female,34,5/12/2023,10/13/2022,TRUE,$30,Word of mouth
997,Vivyan,Webber,vwebberro@oakley.com,Male,65,8/8/2023,9/9/2014,TRUE,$30,Radio
998,Lancelot,Vinsen,lvinsenrp@merriam-webster.com,Other,87,8/27/2023,2/20/2020,FALSE,$60,Internet search
999,Carr,Sollowaye,csollowayerq@biblegateway.com,Other,36,1/27/2020,10/16/2014,TRUE,$30,Television
1000,Barth,Anespie,banespierr@china.com.cn,Female,65,7/29/2021,1/28/2018,FALSE,$30,Internet search